city_a,city_b,distance_km,V_air,V_rail,V_total,weight,air_share,rail_share,has_air,has_rail
Amsterdam,Antwerp,132.61136543432525,0.0,0.0,0.0,0.0,0.5,0.5,False,False
Amsterdam,Barcelona,1238.7710098407022,1097021.1417859073,0.0,1097021.1417859073,0.004098191064679523,1.0,0.0,True,False
Amsterdam,Berlin,577.3583361821376,714310.0521860617,0.0,714310.0521860617,0.002668480088281639,1.0,0.0,True,False
Amsterdam,Bilbao,1167.5984363980542,0.0,0.0,0.0,0.0,0.5,0.5,False,False
Amsterdam,Bordeaux,928.5128634049296,0.0,0.0,0.0,0.0,0.5,0.5,False,False
Amsterdam,Bremen,275.0782806884232,0.0,0.0,0.0,0.0,0.5,0.5,False,False
Amsterdam,Brussels,173.4812691642008,632890.2845198737,0.0,632890.2845198737,0.002364316611728537,1.0,0.0,True,False
Amsterdam,Cologne,214.14527018892787,190376.22522133958,236029.12647302277,426405.35169436235,0.00159294159035123,0.44646772012795216,0.5535322798720479,True,True
Amsterdam,Dortmund,200.7540814485532,0.0,0.0,0.0,0.0,0.5,0.5,False,False
Amsterdam,Dresden,626.7089230356378,0.0,0.0,0.0,0.0,0.5,0.5,False,False
Amsterdam,Duisburg,165.87349257188654,0.0,0.0,0.0,0.0,0.5,0.5,False,False
Amsterdam,Dusseldorf,182.36101908723953,0.0,0.0,0.0,0.0,0.5,0.5,False,False
Amsterdam,Essen,177.75818593923972,0.0,0.0,0.0,0.0,0.5,0.5,False,False
Amsterdam,Frankfurt,364.3673871159169,1101507.789389887,0.0,1101507.789389887,0.004114952035294056,1.0,0.0,True,False
Amsterdam,Geneva,692.2639728164513,433815.7953575485,0.0,433815.7953575485,0.0016206251169935155,1.0,0.0,True,False
Amsterdam,Genoa,934.9704507520502,0.0,0.0,0.0,0.0,0.5,0.5,False,False
Amsterdam,Granada,1813.8798726077398,0.0,0.0,0.0,0.0,0.5,0.5,False,False
Amsterdam,Hamburg,365.89118208970314,477786.94694580446,0.0,477786.94694580446,0.0017848901194430554,1.0,0.0,True,False
Amsterdam,Hannover,328.7547665179855,0.0,0.0,0.0,0.0,0.5,0.5,False,False
Amsterdam,Leipzig,526.2715613191403,0.0,0.0,0.0,0.0,0.5,0.5,False,False
Amsterdam,Liege,199.11554856780222,0.0,0.0,0.0,0.0,0.5,0.5,False,False
Amsterdam,Lille,231.41951331811637,0.0,0.0,0.0,0.0,0.5,0.5,False,False
Amsterdam,Lisbon,1863.3748890691336,778196.6886922052,0.0,778196.6886922052,0.0029071442606563606,1.0,0.0,True,False
Amsterdam,London,356.9306363813551,2654733.470542893,0.0,2654733.470542893,0.0099174068517704,1.0,0.0,True,False
Amsterdam,Lyon,736.6693137001078,88024.27725208287,0.0,88024.27725208287,0.0003288362391285258,1.0,0.0,True,False
Amsterdam,Madrid,1481.4979129335877,1256274.3004920601,0.0,1256274.3004920601,0.004693120229826748,1.0,0.0,True,False
Amsterdam,Malaga,1886.8586066786188,0.0,0.0,0.0,0.0,0.5,0.5,False,False
Amsterdam,Marseille,1009.9849118877858,184641.5292423532,0.0,184641.5292423532,0.0006897736392553957,1.0,0.0,True,False
Amsterdam,Milan,829.71279707682,1039818.0369698051,0.0,1039818.0369698051,0.0038844948612976682,1.0,0.0,True,False
Amsterdam,Munich,668.6937204225363,807261.5331635071,0.0,807261.5331635071,0.003015723103279829,1.0,0.0,True,False
Amsterdam,Murcia,1666.4330722520126,0.0,0.0,0.0,0.0,0.5,0.5,False,False
Amsterdam,Nantes,736.0654314696662,0.0,0.0,0.0,0.0,0.5,0.5,False,False
Amsterdam,Naples,1465.057931552193,0.0,0.0,0.0,0.0,0.5,0.5,False,False
Amsterdam,Nice,980.0699602516224,0.0,0.0,0.0,0.0,0.5,0.5,False,False
Amsterdam,Nuremberg,541.5381130006627,0.0,0.0,0.0,0.0,0.5,0.5,False,False
Amsterdam,Palermo,1715.7579694913193,0.0,0.0,0.0,0.0,0.5,0.5,False,False
Amsterdam,Palma,1434.1067029289175,612705.7854114627,0.0,612705.7854114627,0.0022889124734304755,1.0,0.0,True,False
Amsterdam,Paris,430.50671692688314,1433647.4699852439,0.0,1433647.4699852439,0.005355741131687831,1.0,0.0,True,False
Amsterdam,Porto,1611.8758248630872,299880.3516469974,0.0,299880.3516469974,0.0011202764748835816,1.0,0.0,True,False
Amsterdam,Rome,1298.652502300785,847559.358244997,0.0,847559.358244997,0.0031662654952032197,1.0,0.0,True,False
Amsterdam,Rotterdam,57.49245821425983,65958.6893896382,1411448.2884732299,1477406.977862868,0.005519215487238447,0.044644901762309425,0.9553550982376906,True,True
Amsterdam,Seville,1869.099043466023,208976.5827185844,0.0,208976.5827185844,0.0007806831895968167,1.0,0.0,True,False
Amsterdam,Strasbourg,467.2934059578608,198951.31674717838,0.0,198951.31674717838,0.0007432313540212814,1.0,0.0,True,False
Amsterdam,Stuttgart,500.96306088915225,180460.71755239108,0.0,180460.71755239108,0.0006741551935771134,1.0,0.0,True,False
Amsterdam,The Hague,52.097578904213584,0.0,2028160.3473518542,2028160.3473518542,0.0075766895428500325,0.0,1.0,False,True
Amsterdam,Toulouse,1008.006668878929,226680.8139912417,0.0,226680.8139912417,0.0008468216801372149,1.0,0.0,True,False
Amsterdam,Turin,837.4671467254851,118660.80365729636,0.0,118660.80365729636,0.00044328648441939293,1.0,0.0,True,False
Amsterdam,Utrecht,35.24792897997973,0.0,2114080.0665360936,2114080.0665360936,0.00789766369004595,0.0,1.0,False,True
Amsterdam,Valencia,1490.1961336580603,0.0,0.0,0.0,0.0,0.5,0.5,False,False
Amsterdam,Venice,942.8066593621421,286367.1301390795,0.0,286367.1301390795,0.0010697945274266455,1.0,0.0,True,False
Amsterdam,Vienna,936.5103933574708,721448.7982352615,0.0,721448.7982352615,0.0026951486219657017,1.0,0.0,True,False
Amsterdam,Zurich,615.2967630835055,633325.622445152,0.0,633325.622445152,0.002365942923134521,1.0,0.0,True,False
Antwerp,Barcelona,1106.5644750796416,0.0,0.0,0.0,0.0,0.5,0.5,False,False
Antwerp,Berlin,634.889041474294,0.0,0.0,0.0,0.0,0.5,0.5,False,False
Antwerp,Bilbao,1042.2869708072626,0.0,0.0,0.0,0.0,0.5,0.5,False,False
Antwerp,Bordeaux,799.7587516178612,0.0,0.0,0.0,0.0,0.5,0.5,False,False
Antwerp,Bremen,364.55717442796606,0.0,0.0,0.0,0.0,0.5,0.5,False,False
Antwerp,Brussels,41.30150931569951,0.0,2216881.6168328417,2216881.6168328417,0.008281704050631413,0.0,1.0,False,True
Antwerp,Cologne,180.95697360598137,0.0,0.0,0.0,0.0,0.5,0.5,False,False
Antwerp,Dortmund,215.3148429803019,0.0,0.0,0.0,0.0,0.5,0.5,False,False
Antwerp,Dresden,651.3729913422495,0.0,0.0,0.0,0.0,0.5,0.5,False,False
Antwerp,Duisburg,165.9967471242734,0.0,0.0,0.0,0.0,0.5,0.5,False,False
Antwerp,Dusseldorf,165.67239585906935,0.0,0.0,0.0,0.0,0.5,0.5,False,False
Antwerp,Essen,183.32438065420962,0.0,0.0,0.0,0.0,0.5,0.5,False,False
Antwerp,Frankfurt,325.89619572674445,0.0,0.0,0.0,0.0,0.5,0.5,False,False
Antwerp,Geneva,572.4660140647112,0.0,0.0,0.0,0.0,0.5,0.5,False,False
Antwerp,Genoa,829.9667719470792,0.0,0.0,0.0,0.0,0.5,0.5,False,False
Antwerp,Granada,1683.3847029970857,0.0,0.0,0.0,0.0,0.5,0.5,False,False
Antwerp,Hamburg,459.3659851986814,0.0,0.0,0.0,0.0,0.5,0.5,False,False
Antwerp,Hannover,388.295809118071,0.0,0.0,0.0,0.0,0.5,0.5,False,False
Antwerp,Leipzig,554.3027265363718,0.0,0.0,0.0,0.0,0.5,0.5,False,False
Antwerp,Liege,104.63573414526829,0.0,0.0,0.0,0.0,0.5,0.5,False,False
Antwerp,Lille,114.6360112882812,0.0,0.0,0.0,0.0,0.5,0.5,False,False
Antwerp,Lisbon,1745.2675149084428,0.0,0.0,0.0,0.0,0.5,0.5,False,False
Antwerp,London,315.79928128452946,0.0,0.0,0.0,0.0,0.5,0.5,False,False
Antwerp,Lyon,609.2836028287599,0.0,0.0,0.0,0.0,0.5,0.5,False,False
Antwerp,Madrid,1353.626293230308,0.0,0.0,0.0,0.0,0.5,0.5,False,False
Antwerp,Malaga,1757.0947566153766,0.0,0.0,0.0,0.0,0.5,0.5,False,False
Antwerp,Marseille,884.1366017890717,0.0,0.0,0.0,0.0,0.5,0.5,False,False
Antwerp,Milan,731.0434178354216,0.0,0.0,0.0,0.0,0.5,0.5,False,False
Antwerp,Munich,619.2887137816084,0.0,0.0,0.0,0.0,0.5,0.5,False,False
Antwerp,Murcia,1534.1288280269246,0.0,0.0,0.0,0.0,0.5,0.5,False,False
Antwerp,Nantes,620.1972273647516,0.0,0.0,0.0,0.0,0.5,0.5,False,False
Antwerp,Naples,1379.1130216593583,0.0,0.0,0.0,0.0,0.5,0.5,False,False
Antwerp,Nice,863.0287258516641,0.0,0.0,0.0,0.0,0.5,0.5,False,False
Antwerp,Nuremberg,512.7437646384077,0.0,0.0,0.0,0.0,0.5,0.5,False,False
Antwerp,Palermo,1617.5223458521525,0.0,0.0,0.0,0.0,0.5,0.5,False,False
Antwerp,Palma,1302.626000727496,0.0,0.0,0.0,0.0,0.5,0.5,False,False
Antwerp,Paris,301.2076659931297,0.0,0.0,0.0,0.0,0.5,0.5,False,False
Antwerp,Porto,1498.1167537973115,0.0,0.0,0.0,0.0,0.5,0.5,False,False
Antwerp,Rome,1206.8822371343751,0.0,0.0,0.0,0.0,0.5,0.5,False,False
Antwerp,Rotterdam,78.25243023865089,0.0,776647.2886829342,776647.2886829342,0.002901356097573859,0.0,1.0,False,True
Antwerp,Seville,1742.198230333397,0.0,0.0,0.0,0.0,0.5,0.5,False,False
Antwerp,Strasbourg,378.5356606140453,0.0,0.0,0.0,0.0,0.5,0.5,False,False
Antwerp,Stuttgart,435.80686532696797,0.0,0.0,0.0,0.0,0.5,0.5,False,False
Antwerp,The Hague,95.46303684188933,0.0,0.0,0.0,0.0,0.5,0.5,False,False
Antwerp,Toulouse,875.4255630388362,0.0,0.0,0.0,0.0,0.5,0.5,False,False
Antwerp,Turin,725.8275342893422,0.0,0.0,0.0,0.0,0.5,0.5,False,False
Antwerp,Utrecht,108.8411286130548,0.0,0.0,0.0,0.0,0.5,0.5,False,False
Antwerp,Valencia,1357.7727600676972,0.0,0.0,0.0,0.0,0.5,0.5,False,False
Antwerp,Venice,869.3355417935595,0.0,0.0,0.0,0.0,0.5,0.5,False,False
Antwerp,Vienna,922.2870853945959,0.0,0.0,0.0,0.0,0.5,0.5,False,False
Antwerp,Zurich,523.4498584029639,0.0,0.0,0.0,0.0,0.5,0.5,False,False
Barcelona,Berlin,1500.3187132126284,682472.9618631845,0.0,682472.9618631845,0.00254954484253587,1.0,0.0,True,False
Barcelona,Bilbao,466.9214134581637,0.0,652376.6409184899,652376.6409184899,0.0024371126670041563,0.0,1.0,False,True
Barcelona,Bordeaux,443.5781784560916,0.0,0.0,0.0,0.0,0.5,0.5,False,False
Barcelona,Bremen,1391.643261180899,0.0,0.0,0.0,0.0,0.5,0.5,False,False
Barcelona,Brussels,1065.4105472496487,513893.1400284351,0.0,513893.1400284351,0.0019197736437750852,1.0,0.0,True,False
Barcelona,Cologne,1123.0041882857086,159269.09663176446,0.0,159269.09663176446,0.0005949887051705147,1.0,0.0,True,False
Barcelona,Dortmund,1196.3254208092444,0.0,0.0,0.0,0.0,0.5,0.5,False,False
Barcelona,Dresden,1392.2869042158536,0.0,0.0,0.0,0.0,0.5,0.5,False,False
Barcelona,Duisburg,1170.7054266293608,0.0,0.0,0.0,0.0,0.5,0.5,False,False
Barcelona,Dusseldorf,1149.0918717802745,0.0,0.0,0.0,0.0,0.5,0.5,False,False
Barcelona,Essen,1179.0060311971781,0.0,0.0,0.0,0.0,0.5,0.5,False,False
Barcelona,Frankfurt,1093.490010218758,1024134.6084090308,0.0,1024134.6084090308,0.0038259055740514167,1.0,0.0,True,False
Barcelona,Geneva,623.3872859788302,506480.7018721428,0.0,506480.7018721428,0.0018920826662154795,1.0,0.0,True,False
Barcelona,Genoa,646.1920716328049,0.0,0.0,0.0,0.0,0.5,0.5,False,False
Barcelona,Granada,681.1534814924078,0.0,712955.6590101598,712955.6590101598,0.0026634204209697505,0.0,1.0,False,True
Barcelona,Hamburg,1472.8639566311651,420223.003660366,0.0,420223.003660366,0.0015698459156129874,1.0,0.0,True,False
Barcelona,Hannover,1348.2482769843702,0.0,0.0,0.0,0.0,0.5,0.5,False,False
Barcelona,Leipzig,1353.0907299389103,0.0,0.0,0.0,0.0,0.5,0.5,False,False
Barcelona,Liege,1060.852019251636,0.0,0.0,0.0,0.0,0.5,0.5,False,False
Barcelona,Lille,1030.3158922280231,0.0,0.0,0.0,0.0,0.5,0.5,False,False
Barcelona,Lisbon,1006.146765427879,1000836.0780159623,0.0,1000836.0780159623,0.003738868209464626,1.0,0.0,True,False
Barcelona,London,1138.6444682428298,2439901.582761593,0.0,2439901.582761593,0.009114849736526235,1.0,0.0,True,False
Barcelona,Lyon,530.9534001677729,107189.37281987311,392465.6543776511,499655.0271975242,0.0018665836873020991,0.21452675743318175,0.7854732425668183,True,True
Barcelona,Madrid,504.2416415002708,1763068.1686078422,922624.4066107229,2685692.575218565,0.010033062167169123,0.6564668588192234,0.3435331411807766,True,True
Barcelona,Malaga,769.1382134592574,0.0,,,,0.5,0.5,False,True
Barcelona,Marseille,339.2855614589264,259770.46586088123,418052.181123017,677822.6469838982,0.002532172452742897,0.3832425296156446,0.6167574703843555,True,True
Barcelona,Milan,725.9619990159723,1220616.8030104367,0.0,1220616.8030104367,0.004559912917768819,1.0,0.0,True,False
Barcelona,Munich,1054.8391617938287,847652.3144656449,0.0,847652.3144656449,0.0031666127559244173,1.0,0.0,True,False
Barcelona,Murcia,471.3862787960056,0.0,0.0,0.0,0.0,0.5,0.5,False,False
Barcelona,Nantes,712.0352834145954,0.0,0.0,0.0,0.0,0.5,0.5,False,False
Barcelona,Naples,1015.2606870032708,0.0,0.0,0.0,0.0,0.5,0.5,False,False
Barcelona,Nice,491.0492758789607,0.0,0.0,0.0,0.0,0.5,0.5,False,False
Barcelona,Nuremberg,1133.5933144409607,0.0,0.0,0.0,0.0,0.5,0.5,False,False
Barcelona,Palermo,1023.6781882222394,145565.8321282208,0.0,145565.8321282208,0.000543796805574178,1.0,0.0,True,False
Barcelona,Palma,206.52956622592242,1011795.8844158624,0.0,1011795.8844158624,0.0037798112496193192,1.0,0.0,True,False
Barcelona,Paris,830.1607039133133,1449262.8893214196,446287.9665507909,1895550.8558722106,0.007081294319938612,0.764560277996109,0.23543972200389096,True,True
Barcelona,Porto,899.9369485434662,383243.8286733998,0.0,383243.8286733998,0.0014317011536404956,1.0,0.0,True,False
Barcelona,Rome,861.5640998057634,1048399.7614372429,0.0,1048399.7614372429,0.003916553994155162,1.0,0.0,True,False
Barcelona,Rotterdam,1184.4412289431855,42598.01983141412,0.0,42598.01983141412,0.0001591353325806844,1.0,0.0,True,False
Barcelona,Seville,828.2116636416677,279004.0634024319,702532.4693399095,981536.5327423414,0.003666770032884391,0.28425234730990084,0.7157476526900992,True,True
Barcelona,Strasbourg,912.162898943164,200654.5442130402,0.0,200654.5442130402,0.0007495941772302746,1.0,0.0,True,False
Barcelona,Stuttgart,988.7266444527066,181626.50649528726,0.0,181626.50649528726,0.000678510283599628,1.0,0.0,True,False
Barcelona,The Hague,1199.4312512496556,0.0,0.0,0.0,0.0,0.5,0.5,False,False
Barcelona,Toulouse,253.23052310146042,336934.9613843516,0.0,336934.9613843516,0.0012587030418352403,1.0,0.0,True,False
Barcelona,Turin,606.5032792825925,144365.29830814473,0.0,144365.29830814473,0.0005393119175561845,1.0,0.0,True,False
Barcelona,Utrecht,1210.9752411281563,0.0,0.0,0.0,0.0,0.5,0.5,False,False
Barcelona,Valencia,302.4725036781288,0.0,922554.5167207745,922554.5167207745,0.0034464282711542025,0.0,1.0,False,True
Barcelona,Venice,935.9852891056408,328222.2957996884,0.0,328222.2957996884,0.0012261547463753375,1.0,0.0,True,False
Barcelona,Vienna,1350.4081785971696,770525.9736134545,0.0,770525.9736134545,0.0028784884264175946,1.0,0.0,True,False
Barcelona,Zurich,835.940287340157,684070.2713015283,0.0,684070.2713015283,0.0025555119830205945,1.0,0.0,True,False
Berlin,Bilbao,1588.5082130369042,0.0,0.0,0.0,0.0,0.5,0.5,False,False
Berlin,Bordeaux,1331.988018104327,0.0,0.0,0.0,0.0,0.5,0.5,False,False
Berlin,Bremen,315.4327891585504,0.0,916596.301078937,916596.301078937,0.0034241698978423984,0.0,1.0,False,True
Berlin,Brussels,651.308528414684,317877.1000621116,0.0,317877.1000621116,0.00118750773482816,1.0,0.0,True,False
Berlin,Cologne,478.6208029291449,105475.31974033391,0.0,105475.31974033391,0.00039402888097521356,1.0,0.0,True,False
Berlin,Dortmund,421.8370801493509,0.0,942136.016650675,942136.016650675,0.0035195797583854323,0.0,1.0,False,True
Berlin,Dresden,165.38701148102504,0.0,1336486.581261668,1336486.581261668,0.004992772843442216,0.0,1.0,False,True
Berlin,Duisburg,470.874137181292,0.0,0.0,0.0,0.0,0.5,0.5,False,False
Berlin,Dusseldorf,477.47859339443374,0.0,0.0,0.0,0.0,0.5,0.5,False,False
Berlin,Essen,453.73909852117265,0.0,0.0,0.0,0.0,0.5,0.5,False,False
Berlin,Frankfurt,423.6716294048132,690568.1733344452,868524.0437859137,1559092.217120359,0.005824370697917686,0.44292965210866336,0.5570703478913366,True,True
Berlin,Geneva,877.11757991016,267589.82251404505,0.0,267589.82251404505,0.0009996472974449348,1.0,0.0,True,False
Berlin,Genoa,960.5619161651671,0.0,0.0,0.0,0.0,0.5,0.5,False,False
Berlin,Granada,2158.2163792987494,0.0,0.0,0.0,0.0,0.5,0.5,False,False
Berlin,Hamburg,255.37578322931282,329899.54843240953,1160807.586846867,1490707.1352792766,0.005568901481615932,0.2213040647790315,0.7786959352209685,True,True
Berlin,Hannover,249.77810430550093,0.0,1383466.3605381928,1383466.3605381928,0.005168277311239651,0.0,1.0,False,True
Berlin,Leipzig,149.76900963186907,0.0,1445506.9052421493,1445506.9052421493,0.005400044955698799,0.0,1.0,False,True
Berlin,Liege,580.9288086159795,0.0,0.0,0.0,0.0,0.5,0.5,False,False
Berlin,Lille,745.0447645165756,0.0,0.0,0.0,0.0,0.5,0.5,False,False
Berlin,Lisbon,2313.0643609331555,481877.69406088657,0.0,481877.69406088657,0.0018001721068508832,1.0,0.0,True,False
Berlin,London,931.7907192050912,1428237.0503428862,0.0,1428237.0503428862,0.0053355291844519,1.0,0.0,True,False
Berlin,Lyon,976.1897352180104,0.0,0.0,0.0,0.0,0.5,0.5,False,False
Berlin,Madrid,1869.7042001933771,775484.2116145493,0.0,775484.2116145493,0.002897011138422544,1.0,0.0,True,False
Berlin,Malaga,2240.9937114057702,0.0,0.0,0.0,0.0,0.5,0.5,False,False
Berlin,Marseille,1186.1554529080768,115538.85004284944,0.0,115538.85004284944,0.0004316236623280688,1.0,0.0,True,False
Berlin,Milan,842.9220742741917,668754.2044774155,0.0,668754.2044774155,0.0024982950654847762,1.0,0.0,True,False
Berlin,Munich,504.85144056997,549173.9087810118,737064.9696370333,1286238.8784180451,0.0048050602470567265,0.426961055209624,0.573038944790376,True,True
Berlin,Murcia,1968.9138401426744,0.0,0.0,0.0,0.0,0.5,0.5,False,False
Berlin,Nantes,1220.7354082485222,0.0,0.0,0.0,0.0,0.5,0.5,False,False
Berlin,Naples,1299.5128727977458,0.0,0.0,0.0,0.0,0.5,0.5,False,False
Berlin,Nice,1080.8082156672008,0.0,0.0,0.0,0.0,0.5,0.5,False,False
Berlin,Nuremberg,378.38091380374175,0.0,1024500.8270909978,1024500.8270909978,0.0038272736736011783,0.0,1.0,False,True
Berlin,Palermo,1602.075039682314,75374.33447094246,0.0,75374.33447094246,0.0002815792807166028,1.0,0.0,True,False
Berlin,Palma,1658.6900049367982,384509.59495700174,0.0,384509.59495700174,0.0014364297334972021,1.0,0.0,True,False
Berlin,Paris,878.3974514743588,808101.1710508564,0.0,808101.1710508564,0.003018859776181045,1.0,0.0,True,False
Berlin,Porto,2084.9197180922306,184253.2715202924,0.0,184253.2715202924,0.0006883232074754282,1.0,0.0,True,False
Berlin,Rome,1184.1977527604297,556360.165480688,0.0,556360.165480688,0.00207841961478036,1.0,0.0,True,False
Berlin,Rotterdam,611.6409962289938,27204.350726237386,0.0,27204.350726237386,0.00010162851272417125,1.0,0.0,True,False
Berlin,Seville,2257.419634769303,0.0,0.0,0.0,0.0,0.5,0.5,False,False
Berlin,Strasbourg,593.073728049732,122679.61599359714,0.0,122679.61599359714,0.00045829974184890735,1.0,0.0,True,False
Berlin,Stuttgart,511.875178645218,115936.24025993391,0.0,115936.24025993391,0.0004331082107791546,1.0,0.0,True,False
Berlin,The Hague,621.1709455805924,0.0,0.0,0.0,0.0,0.5,0.5,False,False
Berlin,Toulouse,1328.7121011787697,0.0,0.0,0.0,0.0,0.5,0.5,False,False
Berlin,Turin,928.1312310084884,0.0,0.0,0.0,0.0,0.5,0.5,False,False
Berlin,Utrecht,565.2411471814299,0.0,418265.78514412267,418265.78514412267,0.00156253424664931,0.0,1.0,False,True
Berlin,Valencia,1793.571596084413,0.0,0.0,0.0,0.0,0.5,0.5,False,False
Berlin,Venice,791.9564880318376,190920.66184618213,0.0,190920.66184618213,0.0007132308764505306,1.0,0.0,True,False
Berlin,Vienna,523.7502569475552,519460.69967392436,0.0,519460.69967392436,0.001940572625966139,1.0,0.0,True,False
Berlin,Zurich,670.3779150242951,401967.16528290004,0.0,401967.16528290004,0.0015016467616796665,1.0,0.0,True,False
Bilbao,Bordeaux,256.73578964857444,0.0,0.0,0.0,0.0,0.5,0.5,False,False
Bilbao,Bremen,1391.9092611780604,0.0,0.0,0.0,0.0,0.5,0.5,False,False
Bilbao,Brussels,1006.631196741315,0.0,0.0,0.0,0.0,0.5,0.5,False,False
Bilbao,Cologne,1132.1637096774089,0.0,0.0,0.0,0.0,0.5,0.5,False,False
Bilbao,Dortmund,1203.4205823335715,0.0,0.0,0.0,0.0,0.5,0.5,False,False
Bilbao,Dresden,1523.3125379972078,0.0,0.0,0.0,0.0,0.5,0.5,False,False
Bilbao,Duisburg,1163.3924775193664,0.0,0.0,0.0,0.0,0.5,0.5,False,False
Bilbao,Dusseldorf,1147.0027130487688,0.0,0.0,0.0,0.0,0.5,0.5,False,False
Bilbao,Essen,1176.9974870428985,0.0,0.0,0.0,0.0,0.5,0.5,False,False
Bilbao,Frankfurt,1165.8702471299707,0.0,0.0,0.0,0.0,0.5,0.5,False,False
Bilbao,Geneva,786.9525302997667,0.0,0.0,0.0,0.0,0.5,0.5,False,False
Bilbao,Genoa,959.6371246887757,0.0,0.0,0.0,0.0,0.5,0.5,False,False
Bilbao,Granada,677.923416861839,0.0,0.0,0.0,0.0,0.5,0.5,False,False
Bilbao,Hamburg,1484.6068167297087,0.0,0.0,0.0,0.0,0.5,0.5,False,False
Bilbao,Hannover,1381.3985549644342,0.0,0.0,0.0,0.0,0.5,0.5,False,False
Bilbao,Leipzig,1456.9901639129216,0.0,0.0,0.0,0.0,0.5,0.5,False,False
Bilbao,Liege,1041.3575220220268,0.0,0.0,0.0,0.0,0.5,0.5,False,False
Bilbao,Lille,936.2305659411521,0.0,0.0,0.0,0.0,0.5,0.5,False,False
Bilbao,Lisbon,725.8863336268972,0.0,0.0,0.0,0.0,0.5,0.5,False,False
Bilbao,London,940.617753246197,0.0,0.0,0.0,0.0,0.5,0.5,False,False
Bilbao,Lyon,675.2022613417421,0.0,0.0,0.0,0.0,0.5,0.5,False,False
Bilbao,Madrid,322.9636316527018,0.0,902250.3804282286,902250.3804282286,0.0033705771988633954,0.0,1.0,False,True
Bilbao,Malaga,738.525964861383,0.0,0.0,0.0,0.0,0.5,0.5,False,False
Bilbao,Marseille,672.1450388104672,0.0,0.0,0.0,0.0,0.5,0.5,False,False
Bilbao,Milan,992.620873014976,0.0,0.0,0.0,0.0,0.5,0.5,False,False
Bilbao,Munich,1247.1311137188648,0.0,0.0,0.0,0.0,0.5,0.5,False,False
Bilbao,Murcia,605.8338826275099,0.0,0.0,0.0,0.0,0.5,0.5,False,False
Bilbao,Nantes,452.6338611482197,0.0,0.0,0.0,0.0,0.5,0.5,False,False
Bilbao,Naples,1441.8464421739625,0.0,0.0,0.0,0.0,0.5,0.5,False,False
Bilbao,Nice,823.1831848852655,0.0,0.0,0.0,0.0,0.5,0.5,False,False
Bilbao,Nuremberg,1273.1314043151706,0.0,0.0,0.0,0.0,0.5,0.5,False,False
Bilbao,Palermo,1484.6214096216324,0.0,0.0,0.0,0.0,0.5,0.5,False,False
Bilbao,Palma,620.0753515107882,0.0,0.0,0.0,0.0,0.5,0.5,False,False
Bilbao,Paris,742.5994199342625,0.0,0.0,0.0,0.0,0.5,0.5,False,False
Bilbao,Porto,523.8450182261822,0.0,0.0,0.0,0.0,0.5,0.5,False,False
Bilbao,Rome,1271.2585211037174,0.0,0.0,0.0,0.0,0.5,0.5,False,False
Bilbao,Rotterdam,1110.2247020300924,0.0,0.0,0.0,0.0,0.5,0.5,False,False
Bilbao,Seville,702.8826362053765,0.0,0.0,0.0,0.0,0.5,0.5,False,False
Bilbao,Strasbourg,1014.0410254596464,0.0,0.0,0.0,0.0,0.5,0.5,False,False
Bilbao,Stuttgart,1115.938694631737,0.0,0.0,0.0,0.0,0.5,0.5,False,False
Bilbao,The Hague,1118.1440774758335,0.0,0.0,0.0,0.0,0.5,0.5,False,False
Bilbao,Toulouse,354.7748531842269,0.0,0.0,0.0,0.0,0.5,0.5,False,False
Bilbao,Turin,869.2806559207584,0.0,0.0,0.0,0.0,0.5,0.5,False,False
Bilbao,Utrecht,1150.2128909029423,0.0,0.0,0.0,0.0,0.5,0.5,False,False
Bilbao,Valencia,471.7608412836101,0.0,0.0,0.0,0.0,0.5,0.5,False,False
Bilbao,Venice,1235.073076493759,0.0,0.0,0.0,0.0,0.5,0.5,False,False
Bilbao,Vienna,1590.2183249893933,0.0,0.0,0.0,0.0,0.5,0.5,False,False
Bilbao,Zurich,1005.2961718221416,0.0,0.0,0.0,0.0,0.5,0.5,False,False
Bordeaux,Bremen,1141.7385485285665,0.0,0.0,0.0,0.0,0.5,0.5,False,False
Bordeaux,Brussels,762.3461305729918,0.0,0.0,0.0,0.0,0.5,0.5,False,False
Bordeaux,Cologne,878.9475928156313,0.0,0.0,0.0,0.0,0.5,0.5,False,False
Bordeaux,Dortmund,951.0006512729526,0.0,0.0,0.0,0.0,0.5,0.5,False,False
Bordeaux,Dresden,1267.15159839434,0.0,0.0,0.0,0.0,0.5,0.5,False,False
Bordeaux,Duisburg,912.4171680629624,0.0,0.0,0.0,0.0,0.5,0.5,False,False
Bordeaux,Dusseldorf,895.2018677792664,0.0,0.0,0.0,0.0,0.5,0.5,False,False
Bordeaux,Essen,925.4559045799923,0.0,0.0,0.0,0.0,0.5,0.5,False,False
Bordeaux,Frankfurt,909.1748844230874,0.0,0.0,0.0,0.0,0.5,0.5,False,False
Bordeaux,Geneva,545.2361536934877,0.0,0.0,0.0,0.0,0.5,0.5,False,False
Bordeaux,Genoa,754.9443511270985,0.0,0.0,0.0,0.0,0.5,0.5,False,False
Bordeaux,Granada,887.8725303505511,0.0,0.0,0.0,0.0,0.5,0.5,False,False
Bordeaux,Hamburg,1233.4928419159987,0.0,0.0,0.0,0.0,0.5,0.5,False,False
Bordeaux,Hannover,1127.4251754391316,0.0,0.0,0.0,0.0,0.5,0.5,False,False
Bordeaux,Leipzig,1200.2697877713897,0.0,0.0,0.0,0.0,0.5,0.5,False,False
Bordeaux,Liege,790.751268352528,0.0,0.0,0.0,0.0,0.5,0.5,False,False
Bordeaux,Lille,698.924262161767,0.0,0.0,0.0,0.0,0.5,0.5,False,False
Bordeaux,Lisbon,982.5048473454148,0.0,0.0,0.0,0.0,0.5,0.5,False,False
Bordeaux,London,742.1310825340375,0.0,0.0,0.0,0.0,0.5,0.5,False,False
Bordeaux,Lyon,436.3474612805288,0.0,0.0,0.0,0.0,0.5,0.5,False,False
Bordeaux,Madrid,554.2497508560812,0.0,0.0,0.0,0.0,0.5,0.5,False,False
Bordeaux,Malaga,958.8524312147157,0.0,0.0,0.0,0.0,0.5,0.5,False,False
Bordeaux,Marseille,506.1486921831924,0.0,0.0,0.0,0.0,0.5,0.5,False,False
Bordeaux,Milan,768.7750627822132,0.0,0.0,0.0,0.0,0.5,0.5,False,False
Bordeaux,Munich,998.8198219230298,0.0,0.0,0.0,0.0,0.5,0.5,False,False
Bordeaux,Murcia,763.52345852342,0.0,0.0,0.0,0.0,0.5,0.5,False,False
Bordeaux,Nantes,274.6629310051299,0.0,495910.28578210034,495910.28578210034,0.001852594288899766,0.0,1.0,False,True
Bordeaux,Naples,1286.9442682309664,0.0,0.0,0.0,0.0,0.5,0.5,False,False
Bordeaux,Nice,637.1511819698372,0.0,0.0,0.0,0.0,0.5,0.5,False,False
Bordeaux,Nuremberg,1018.3597054336072,0.0,0.0,0.0,0.0,0.5,0.5,False,False
Bordeaux,Palermo,1378.5564075242582,0.0,0.0,0.0,0.0,0.5,0.5,False,False
Bordeaux,Palma,643.6323571252419,0.0,0.0,0.0,0.0,0.5,0.5,False,False
Bordeaux,Paris,498.56539204038233,0.0,1585581.7023570845,1585581.7023570845,0.005923328655581455,0.0,1.0,False,True
Bordeaux,Porto,770.914700007604,0.0,0.0,0.0,0.0,0.5,0.5,False,False
Bordeaux,Rome,1106.485978471787,0.0,0.0,0.0,0.0,0.5,0.5,False,False
Bordeaux,Rotterdam,871.0437093294714,0.0,0.0,0.0,0.0,0.5,0.5,False,False
Bordeaux,Seville,943.8736941378959,0.0,0.0,0.0,0.0,0.5,0.5,False,False
Bordeaux,Strasbourg,758.3845568008866,0.0,415974.231209815,415974.231209815,0.0015539735858743297,0.0,1.0,False,True
Bordeaux,Stuttgart,861.2612298060143,0.0,0.0,0.0,0.0,0.5,0.5,False,False
Bordeaux,The Hague,880.8278899837319,0.0,0.0,0.0,0.0,0.5,0.5,False,False
Bordeaux,Toulouse,211.96631704394878,0.0,598310.4208983135,598310.4208983135,0.00223513506479772,0.0,1.0,False,True
Bordeaux,Turin,650.7451134927755,0.0,0.0,0.0,0.0,0.5,0.5,False,False
Bordeaux,Utrecht,908.5083316964075,0.0,0.0,0.0,0.0,0.5,0.5,False,False
Bordeaux,Valencia,597.048757331898,0.0,0.0,0.0,0.0,0.5,0.5,False,False
Bordeaux,Venice,1013.9151950794532,0.0,0.0,0.0,0.0,0.5,0.5,False,False
Bordeaux,Vienna,1346.763063861618,0.0,0.0,0.0,0.0,0.5,0.5,False,False
Bordeaux,Zurich,757.2938429167715,0.0,0.0,0.0,0.0,0.5,0.5,False,False
Bremen,Brussels,392.99144816925514,0.0,0.0,0.0,0.0,0.5,0.5,False,False
Bremen,Cologne,270.00821204606365,0.0,598001.5749181516,598001.5749181516,0.0022339812950224166,0.0,1.0,False,True
Bremen,Dortmund,196.059146522538,0.0,645418.8818994411,645418.8818994411,0.002411120254683242,0.0,1.0,False,True
Bremen,Dresden,405.2419101549514,0.0,0.0,0.0,0.0,0.5,0.5,False,False
Bremen,Duisburg,229.5695930947029,0.0,0.0,0.0,0.0,0.5,0.5,False,False
Bremen,Dusseldorf,248.1336387099614,0.0,0.0,0.0,0.0,0.5,0.5,False,False
Bremen,Essen,217.55718054768772,0.0,596471.6698035938,596471.6698035938,0.0022282659598921555,0.0,1.0,False,True
Bremen,Frankfurt,329.27983060833355,0.0,0.0,0.0,0.0,0.5,0.5,False,False
Bremen,Geneva,787.8253339842552,0.0,0.0,0.0,0.0,0.5,0.5,False,False
Bremen,Genoa,964.2276701390056,0.0,0.0,0.0,0.0,0.5,0.5,False,False
Bremen,Granada,2010.6749163684244,0.0,0.0,0.0,0.0,0.5,0.5,False,False
Bremen,Hamburg,94.83853297658594,0.0,1605033.4724255595,1605033.4724255595,0.005995995505152876,0.0,1.0,False,True
Bremen,Hannover,100.19908744082598,0.0,945655.706455399,945655.706455399,0.00353272842139541,0.0,1.0,False,True
Bremen,Leipzig,310.18230832620713,0.0,0.0,0.0,0.0,0.5,0.5,False,False
Bremen,Liege,350.9892487130112,0.0,0.0,0.0,0.0,0.5,0.5,False,False
Bremen,Lille,479.13856223345454,0.0,0.0,0.0,0.0,0.5,0.5,False,False
Bremen,Lisbon,2103.92604889843,0.0,0.0,0.0,0.0,0.5,0.5,False,False
Bremen,London,631.5553691280189,0.0,0.0,0.0,0.0,0.5,0.5,False,False
Bremen,Lyon,863.2431832233613,0.0,0.0,0.0,0.0,0.5,0.5,False,False
Bremen,Madrid,1694.648580478938,0.0,0.0,0.0,0.0,0.5,0.5,False,False
Bremen,Malaga,2088.3465319433426,0.0,0.0,0.0,0.0,0.5,0.5,False,False
Bremen,Marseille,1116.2929433532552,0.0,0.0,0.0,0.0,0.5,0.5,False,False
Bremen,Milan,846.8168507332311,0.0,0.0,0.0,0.0,0.5,0.5,False,False
Bremen,Munich,582.7248897126635,0.0,0.0,0.0,0.0,0.5,0.5,False,False
Bremen,Murcia,1843.659291439947,0.0,0.0,0.0,0.0,0.5,0.5,False,False
Bremen,Nantes,982.855873274691,0.0,0.0,0.0,0.0,0.5,0.5,False,False
Bremen,Naples,1419.9338100102677,0.0,0.0,0.0,0.0,0.5,0.5,False,False
Bremen,Nice,1048.3231855578763,0.0,0.0,0.0,0.0,0.5,0.5,False,False
Bremen,Nuremberg,432.521118569235,0.0,0.0,0.0,0.0,0.5,0.5,False,False
Bremen,Palermo,1699.8668838796557,0.0,0.0,0.0,0.0,0.5,0.5,False,False
Bremen,Palma,1573.0572911513161,0.0,0.0,0.0,0.0,0.5,0.5,False,False
Bremen,Paris,651.4251146221752,0.0,0.0,0.0,0.0,0.5,0.5,False,False
Bremen,Porto,1860.3953988937697,0.0,0.0,0.0,0.0,0.5,0.5,False,False
Bremen,Rome,1273.91440889463,0.0,0.0,0.0,0.0,0.5,0.5,False,False
Bremen,Rotterdam,319.7439591808468,0.0,0.0,0.0,0.0,0.5,0.5,False,False
Bremen,Seville,2084.917870031361,0.0,0.0,0.0,0.0,0.5,0.5,False,False
Bremen,Strasbourg,504.99558713063436,0.0,0.0,0.0,0.0,0.5,0.5,False,False
Bremen,Stuttgart,478.1167348715126,0.0,0.0,0.0,0.0,0.5,0.5,False,False
Bremen,The Hague,324.21680737043823,0.0,0.0,0.0,0.0,0.5,0.5,False,False
Bremen,Toulouse,1184.041724933876,0.0,0.0,0.0,0.0,0.5,0.5,False,False
Bremen,Turin,893.8549325599034,0.0,0.0,0.0,0.0,0.5,0.5,False,False
Bremen,Utrecht,271.9502957981311,0.0,250733.62149763148,250733.62149763148,0.0009366768315545067,0.0,1.0,False,True
Bremen,Valencia,1665.9775954437891,0.0,0.0,0.0,0.0,0.5,0.5,False,False
Bremen,Venice,886.8001945895326,0.0,0.0,0.0,0.0,0.5,0.5,False,False
Bremen,Vienna,759.1458894349693,0.0,0.0,0.0,0.0,0.5,0.5,False,False
Bremen,Zurich,635.0909589643858,0.0,0.0,0.0,0.0,0.5,0.5,False,False
Brussels,Cologne,182.67309069480135,89319.00995170526,348340.8067511303,437659.8167028356,0.0016349853998810875,0.2040831863994302,0.7959168136005698,True,True
Brussels,Dortmund,229.4722994046602,0.0,0.0,0.0,0.0,0.5,0.5,False,False
Brussels,Dresden,657.683991244352,0.0,0.0,0.0,0.0,0.5,0.5,False,False
Brussels,Duisburg,180.56068183067993,0.0,0.0,0.0,0.0,0.5,0.5,False,False
Brussels,Dusseldorf,174.91597937871765,0.0,0.0,0.0,0.0,0.5,0.5,False,False
Brussels,Essen,197.60117916660272,0.0,0.0,0.0,0.0,0.5,0.5,False,False
Brussels,Frankfurt,317.3927453130934,514753.227613111,0.0,514753.227613111,0.0019229867115274737,1.0,0.0,True,False
Brussels,Geneva,533.4858032677283,207482.32470254172,0.0,207482.32470254172,0.000775101022930728,1.0,0.0,True,False
Brussels,Genoa,794.7897691894295,0.0,0.0,0.0,0.0,0.5,0.5,False,False
Brussels,Granada,1644.6646981188035,0.0,0.0,0.0,0.0,0.5,0.5,False,False
Brussels,Hamburg,487.7301876286865,206013.4695658649,0.0,206013.4695658649,0.000769613754940033,1.0,0.0,True,False
Brussels,Hannover,408.29140218076685,0.0,0.0,0.0,0.0,0.5,0.5,False,False
Brussels,Leipzig,562.5911717871774,0.0,0.0,0.0,0.0,0.5,0.5,False,False
Brussels,Liege,89.07554632702576,0.0,1593682.9095492421,1593682.9095492421,0.005953592698509533,0.0,1.0,False,True
Brussels,Lille,94.1580972985761,0.0,752645.9379716412,752645.9379716412,0.0028116931756130927,0.0,1.0,False,True
Brussels,Lisbon,1712.6746127577967,359989.9182643901,0.0,359989.9182643901,0.0013448304779287048,1.0,0.0,True,False
Brussels,London,320.31427503822647,1233632.2646126223,803156.8632234983,2036789.1278361208,0.007608924464979367,0.6056750047184462,0.39432499528155385,True,True
Brussels,Lyon,568.4450800148077,42089.26856359143,0.0,42089.26856359143,0.00015723476765944585,1.0,0.0,True,False
Brussels,Madrid,1316.488937073543,584868.3925075966,0.0,584868.3925075966,0.002184919076660679,1.0,0.0,True,False
Brussels,Malaga,1718.8166968262956,0.0,0.0,0.0,0.0,0.5,0.5,False,False
Brussels,Marseille,843.5176331997116,86975.7749314974,0.0,86975.7749314974,0.00032491930199956236,1.0,0.0,True,False
Brussels,Milan,697.9527603849552,489143.51330213505,0.0,489143.51330213505,0.0018273153535558516,1.0,0.0,True,False
Brussels,Munich,602.4646436948692,374848.04256158567,204319.55351327005,579167.5960748557,0.0021636223558297732,0.6472186032195381,0.35278139678046194,True,True
Brussels,Murcia,1494.0080379398,0.0,0.0,0.0,0.0,0.5,0.5,False,False
Brussels,Nantes,589.865656314376,0.0,0.0,0.0,0.0,0.5,0.5,False,False
Brussels,Naples,1348.7698455193354,0.0,0.0,0.0,0.0,0.5,0.5,False,False
Brussels,Nice,824.4804870837853,0.0,0.0,0.0,0.0,0.5,0.5,False,False
Brussels,Nuremberg,503.7074807782764,0.0,0.0,0.0,0.0,0.5,0.5,False,False
Brussels,Palermo,1583.542129093387,53314.545910331006,0.0,53314.545910331006,0.00019916953953272624,1.0,0.0,True,False
Brussels,Palma,1261.3419119963219,285805.2469195877,0.0,285805.2469195877,0.001067695475091368,1.0,0.0,True,False
Brussels,Paris,264.30842440985896,715799.6657497865,989967.4757708715,1705767.141520658,0.00637231078921919,0.41963504180978956,0.5803649581902104,True,True
Brussels,Porto,1467.5174172816944,138972.49190554922,0.0,138972.49190554922,0.0005191657688897292,1.0,0.0,True,False
Brussels,Rome,1175.0326437533777,393242.70402966894,0.0,393242.70402966894,0.001469054400611832,1.0,0.0,True,False
Brussels,Rotterdam,119.54936025357289,26146.039790639068,487306.28216433857,513452.32195497764,0.0019181268599338444,0.05092204022193846,0.9490779597780615,True,True
Brussels,Seville,1705.4893054790402,96804.58371001873,0.0,96804.58371001873,0.0003616372236314144,1.0,0.0,True,False
Brussels,Strasbourg,350.86186422325505,95622.67441782425,0.0,95622.67441782425,0.0003572219120972649,1.0,0.0,True,False
Brussels,Stuttgart,415.66461823002896,85111.67982288211,0.0,85111.67982288211,0.00031795551832498035,1.0,0.0,True,False
Brussels,The Hague,136.39372242285592,0.0,0.0,0.0,0.0,0.5,0.5,False,False
Brussels,Toulouse,834.8917376774607,106946.60630732021,0.0,106946.60630732021,0.00039952523216912975,1.0,0.0,True,False
Brussels,Turin,688.9045590999002,56056.032419712144,0.0,56056.032419712144,0.0002094110336012862,1.0,0.0,True,False
Brussels,Utrecht,147.9606315674158,0.0,0.0,0.0,0.0,0.5,0.5,False,False
Brussels,Valencia,1317.510048413427,0.0,0.0,0.0,0.0,0.5,0.5,False,False
Brussels,Venice,843.6104324522152,133146.20330765427,0.0,133146.20330765427,0.0004974002413509745,1.0,0.0,True,False
Brussels,Vienna,914.8757687647557,329912.3848368949,0.0,329912.3848368949,0.0012324684877673374,1.0,0.0,True,False
Brussels,Zurich,493.3713769240321,300636.7846928396,0.0,300636.7846928396,0.001123102315727863,1.0,0.0,True,False
Cologne,Dortmund,73.98398402237524,0.0,0.0,0.0,0.0,0.5,0.5,False,False
Cologne,Dresden,475.1201676818984,0.0,0.0,0.0,0.0,0.5,0.5,False,False
Cologne,Duisburg,56.977480633617965,0.0,1206611.913162905,1206611.913162905,0.004507594222851473,0.0,1.0,False,True
Cologne,Dusseldorf,34.36695565973801,0.0,2083620.4327853068,2083620.4327853068,0.007783874270575267,0.0,1.0,False,True
Cologne,Essen,58.343259953559276,0.0,1028230.7969515581,1028230.7969515581,0.0038412078892437196,0.0,1.0,False,True
Cologne,Frankfurt,152.6308298888815,185065.45000582913,1180785.0817774895,1365850.5317833186,0.005102469069948492,0.13549465750414066,0.8645053424958593,True,True
Cologne,Geneva,529.3847448491292,65042.71358079604,0.0,65042.71358079604,0.00024298298133560372,1.0,0.0,True,False
Cologne,Genoa,741.0674505584223,0.0,0.0,0.0,0.0,0.5,0.5,False,False
Cologne,Granada,1741.695979956191,0.0,0.0,0.0,0.0,0.5,0.5,False,False
Cologne,Hamburg,357.1872094424255,68401.99835754909,0.0,68401.99835754909,0.0002555324120907769,1.0,0.0,True,False
Cologne,Hannover,249.78384099627593,0.0,0.0,0.0,0.0,0.5,0.5,False,False
Cologne,Leipzig,380.84892294872907,0.0,0.0,0.0,0.0,0.5,0.5,False,False
Cologne,Liege,102.74375028751089,0.0,612032.1950242599,612032.1950242599,0.002286396111620352,0.0,1.0,False,True
Cologne,Lille,275.805630330099,0.0,0.0,0.0,0.0,0.5,0.5,False,False
Cologne,Lisbon,1850.7458002996373,111046.46521340506,0.0,111046.46521340506,0.0004148412589031366,1.0,0.0,True,False
Cologne,London,496.7123281308444,355410.22283420054,0.0,355410.22283420054,0.001327721904377969,1.0,0.0,True,False
Cologne,Lyon,596.9674497785596,13053.68556479372,0.0,13053.68556479372,4.876523843075941e-05,1.0,0.0,True,False
Cologne,Madrid,1429.5271729115761,180249.76419179936,0.0,180249.76419179936,0.0006733671256497864,1.0,0.0,True,False
Cologne,Malaga,1819.9771514848762,0.0,0.0,0.0,0.0,0.5,0.5,False,False
Cologne,Marseille,857.3314764819611,27142.353307658894,0.0,27142.353307658894,0.00010139690618791257,1.0,0.0,True,False
Cologne,Milan,630.2966522765608,156097.47297497382,0.0,156097.47297497382,0.0005831403284750342,1.0,0.0,True,False
Cologne,Munich,455.9822368107197,123686.8384263885,478916.6818254938,602603.5202518823,0.002251172988535393,0.2052540920681788,0.7947459079318212,True,True
Cologne,Murcia,1573.657139749583,0.0,0.0,0.0,0.0,0.5,0.5,False,False
Cologne,Nantes,743.8460760573577,0.0,0.0,0.0,0.0,0.5,0.5,False,False
Cologne,Naples,1254.4526122999846,0.0,0.0,0.0,0.0,0.5,0.5,False,False
Cologne,Nice,804.3124297165938,0.0,0.0,0.0,0.0,0.5,0.5,False,False
Cologne,Nuremberg,336.6523241784944,0.0,0.0,0.0,0.0,0.5,0.5,False,False
Cologne,Palermo,1511.6976938238533,16836.180129969634,0.0,16836.180129969634,6.289567296729636e-05,1.0,0.0,True,False
Cologne,Palma,1307.0856699070932,88864.3042886875,0.0,88864.3042886875,0.00033197436579206294,1.0,0.0,True,False
Cologne,Paris,402.5262231112879,206928.20769511766,0.0,206928.20769511766,0.0007730309831820725,1.0,0.0,True,False
Cologne,Porto,1614.603934931419,42723.39824813973,0.0,42723.39824813973,0.00015960371435342951,1.0,0.0,True,False
Cologne,Rome,1091.2471353964297,124830.64650212474,0.0,124830.64650212474,0.0004663354429617864,1.0,0.0,True,False
Cologne,Rotterdam,203.55715266431483,7400.62586340382,0.0,7400.62586340382,2.7646849847454175e-05,1.0,0.0,True,False
Cologne,Seville,1819.855820049699,29932.820004268324,0.0,29932.820004268324,0.00011182137773794433,1.0,0.0,True,False
Cologne,Strasbourg,267.4150415182187,31510.504975139193,317402.28600990406,348912.7909850433,0.0013034491569045416,0.09031054690250648,0.9096894530974935,True,True
Cologne,Stuttgart,287.5361665082168,28565.846803751705,631457.2722207436,660023.1190244952,0.0024656779580971644,0.04328007001629219,0.9567199299837078,True,True
Cologne,The Hague,223.22386571429203,0.0,0.0,0.0,0.0,0.5,0.5,False,False
Cologne,Toulouse,914.1272626334625,0.0,0.0,0.0,0.0,0.5,0.5,False,False
Cologne,Turin,654.209496688821,0.0,0.0,0.0,0.0,0.5,0.5,False,False
Cologne,Utrecht,180.44554956157666,0.0,351284.5258112579,351284.5258112579,0.001312309353032356,0.0,1.0,False,True
Cologne,Valencia,1395.9753811863663,0.0,0.0,0.0,0.0,0.5,0.5,False,False
Cologne,Venice,729.4516106675107,42840.709773939685,0.0,42840.709773939685,0.0001600419602800619,1.0,0.0,True,False
Cologne,Vienna,743.2229269942464,107411.83245266054,0.0,107411.83245266054,0.00040126319833884747,1.0,0.0,True,False
Cologne,Zurich,413.28738123578484,97314.1181476818,220507.14218347493,317821.2603311567,0.0011872991318416387,0.30619134178212143,0.6938086582178786,True,True
Dortmund,Dresden,439.14055479352896,0.0,0.0,0.0,0.0,0.5,0.5,False,False
Dortmund,Duisburg,49.39887843727433,0.0,1164828.2516447385,1164828.2516447385,0.004351501125133615,0.0,1.0,False,True
Dortmund,Dusseldorf,57.66300293154457,0.0,817205.7260331436,817205.7260331436,0.003052872070434144,0.0,1.0,False,True
Dortmund,Essen,32.07990692295214,0.0,1694963.738887553,1694963.738887553,0.006331952033628529,0.0,1.0,False,True
Dortmund,Frankfurt,177.5845855157035,0.0,617534.8173456477,617534.8173456477,0.0023069525045382733,0.0,1.0,False,True
Dortmund,Geneva,598.5642065239116,0.0,0.0,0.0,0.0,0.5,0.5,False,False
Dortmund,Genoa,798.194878551258,0.0,0.0,0.0,0.0,0.5,0.5,False,False
Dortmund,Granada,1815.5181776269808,0.0,0.0,0.0,0.0,0.5,0.5,False,False
Dortmund,Hamburg,283.6162732435068,0.0,0.0,0.0,0.0,0.5,0.5,False,False
Dortmund,Hannover,182.20370553638722,0.0,716094.017434316,716094.017434316,0.002675144527244221,0.0,1.0,False,True
Dortmund,Leipzig,340.58211621864854,0.0,433087.34859346546,433087.34859346546,0.0016179038257567759,0.0,1.0,False,True
Dortmund,Liege,164.89875126843594,0.0,0.0,0.0,0.0,0.5,0.5,False,False
Dortmund,Lille,323.30271957066685,0.0,0.0,0.0,0.0,0.5,0.5,False,False
Dortmund,Lisbon,1920.34558389148,0.0,0.0,0.0,0.0,0.5,0.5,False,False
Dortmund,London,525.1333765474475,0.0,0.0,0.0,0.0,0.5,0.5,False,False
Dortmund,Lyon,669.2666761268425,0.0,0.0,0.0,0.0,0.5,0.5,False,False
Dortmund,Madrid,1502.358563231739,0.0,0.0,0.0,0.0,0.5,0.5,False,False
Dortmund,Malaga,1893.6621306368809,0.0,0.0,0.0,0.0,0.5,0.5,False,False
Dortmund,Marseille,927.0672226910792,0.0,0.0,0.0,0.0,0.5,0.5,False,False
Dortmund,Milan,684.6345206118771,0.0,0.0,0.0,0.0,0.5,0.5,False,False
Dortmund,Munich,477.27589612473434,0.0,471574.5907990101,471574.5907990101,0.0017616823420524097,0.0,1.0,False,True
Dortmund,Murcia,1647.601624153131,0.0,0.0,0.0,0.0,0.5,0.5,False,False
Dortmund,Nantes,808.3374910909291,0.0,0.0,0.0,0.0,0.5,0.5,False,False
Dortmund,Naples,1294.7739830949909,0.0,0.0,0.0,0.0,0.5,0.5,False,False
Dortmund,Nice,868.7620008461429,0.0,0.0,0.0,0.0,0.5,0.5,False,False
Dortmund,Nuremberg,343.1423033050363,0.0,448584.1155962211,448584.1155962211,0.0016757957930517034,0.0,1.0,False,True
Dortmund,Palermo,1559.480242503294,0.0,0.0,0.0,0.0,0.5,0.5,False,False
Dortmund,Palma,1379.4401655885526,0.0,0.0,0.0,0.0,0.5,0.5,False,False
Dortmund,Paris,469.2074713115789,0.0,0.0,0.0,0.0,0.5,0.5,False,False
Dortmund,Porto,1682.035241299373,0.0,0.0,0.0,0.0,0.5,0.5,False,False
Dortmund,Rome,1136.3995713438264,0.0,0.0,0.0,0.0,0.5,0.5,False,False
Dortmund,Rotterdam,210.67127037862122,0.0,0.0,0.0,0.0,0.5,0.5,False,False
Dortmund,Seville,1892.7053309534967,0.0,0.0,0.0,0.0,0.5,0.5,False,False
Dortmund,Strasbourg,326.5244102065907,0.0,0.0,0.0,0.0,0.5,0.5,False,False
Dortmund,Stuttgart,327.3757670032801,0.0,0.0,0.0,0.0,0.5,0.5,False,False
Dortmund,The Hague,226.57957693425607,0.0,0.0,0.0,0.0,0.5,0.5,False,False
Dortmund,Toulouse,988.1107573932109,0.0,0.0,0.0,0.0,0.5,0.5,False,False
Dortmund,Turin,716.7753969686319,0.0,0.0,0.0,0.0,0.5,0.5,False,False
Dortmund,Utrecht,173.4033051971624,0.0,305312.500995958,305312.500995958,0.0011405695987587272,0.0,1.0,False,True
Dortmund,Valencia,1469.9200218901647,0.0,0.0,0.0,0.0,0.5,0.5,False,False
Dortmund,Venice,764.7261524636311,0.0,0.0,0.0,0.0,0.5,0.5,False,False
Dortmund,Vienna,735.9648942223587,0.0,0.0,0.0,0.0,0.5,0.5,False,False
Dortmund,Zurich,467.8631003688946,0.0,0.0,0.0,0.0,0.5,0.5,False,False
Dresden,Duisburg,487.0805831552685,0.0,0.0,0.0,0.0,0.5,0.5,False,False
Dresden,Dusseldorf,485.7312756717694,0.0,0.0,0.0,0.0,0.5,0.5,False,False
Dresden,Essen,470.09139142672984,0.0,0.0,0.0,0.0,0.5,0.5,False,False
Dresden,Frankfurt,371.60481004912117,0.0,0.0,0.0,0.0,0.5,0.5,False,False
Dresden,Geneva,775.1855553927506,0.0,0.0,0.0,0.0,0.5,0.5,False,False
Dresden,Genoa,820.9756016921928,0.0,0.0,0.0,0.0,0.5,0.5,False,False
Dresden,Granada,2061.598902726534,0.0,0.0,0.0,0.0,0.5,0.5,False,False
Dresden,Hamburg,376.89241886088274,0.0,0.0,0.0,0.0,0.5,0.5,False,False
Dresden,Hannover,312.4771211202588,0.0,0.0,0.0,0.0,0.5,0.5,False,False
Dresden,Leipzig,100.52084105594741,0.0,949695.2519291721,949695.2519291721,0.0035478191325361563,0.0,1.0,False,True
Dresden,Liege,575.2868360623181,0.0,0.0,0.0,0.0,0.5,0.5,False,False
Dresden,Lille,750.886972222426,0.0,0.0,0.0,0.0,0.5,0.5,False,False
Dresden,Lisbon,2249.031262294956,0.0,0.0,0.0,0.0,0.5,0.5,False,False
Dresden,London,964.2028155970958,0.0,0.0,0.0,0.0,0.5,0.5,False,False
Dresden,Lyon,881.1198791560836,0.0,0.0,0.0,0.0,0.5,0.5,False,False
Dresden,Madrid,1789.263717257457,0.0,0.0,0.0,0.0,0.5,0.5,False,False
Dresden,Malaga,2146.3104222512134,0.0,0.0,0.0,0.0,0.5,0.5,False,False
Dresden,Marseille,1067.3881411434284,0.0,0.0,0.0,0.0,0.5,0.5,False,False
Dresden,Milan,706.2839574047487,0.0,0.0,0.0,0.0,0.5,0.5,False,False
Dresden,Munich,359.47748552122897,0.0,0.0,0.0,0.0,0.5,0.5,False,False
Dresden,Murcia,1863.4307499971067,0.0,0.0,0.0,0.0,0.5,0.5,False,False
Dresden,Nantes,1188.6619377536852,0.0,0.0,0.0,0.0,0.5,0.5,False,False
Dresden,Naples,1134.7782021073772,0.0,0.0,0.0,0.0,0.5,0.5,False,False
Dresden,Nice,950.491523383062,0.0,0.0,0.0,0.0,0.5,0.5,False,False
Dresden,Nuremberg,259.41081436858417,0.0,0.0,0.0,0.0,0.5,0.5,False,False
Dresden,Palermo,1438.528457971228,0.0,0.0,0.0,0.0,0.5,0.5,False,False
Dresden,Palma,1539.5854299392724,0.0,0.0,0.0,0.0,0.5,0.5,False,False
Dresden,Paris,849.7144140045011,0.0,0.0,0.0,0.0,0.5,0.5,False,False
Dresden,Porto,2032.4496558283422,0.0,0.0,0.0,0.0,0.5,0.5,False,False
Dresden,Rome,1022.7156180902467,0.0,0.0,0.0,0.0,0.5,0.5,False,False
Dresden,Rotterdam,647.9364364174494,0.0,0.0,0.0,0.0,0.5,0.5,False,False
Dresden,Seville,2172.689485028787,0.0,0.0,0.0,0.0,0.5,0.5,False,False
Dresden,Strasbourg,509.7695151804573,0.0,0.0,0.0,0.0,0.5,0.5,False,False
Dresden,Stuttgart,412.53147764856556,0.0,0.0,0.0,0.0,0.5,0.5,False,False
Dresden,The Hague,661.9047050559485,0.0,0.0,0.0,0.0,0.5,0.5,False,False
Dresden,Toulouse,1239.7627766699816,0.0,0.0,0.0,0.0,0.5,0.5,False,False
Dresden,Turin,802.1809552358845,0.0,0.0,0.0,0.0,0.5,0.5,False,False
Dresden,Utrecht,606.2219307182494,0.0,0.0,0.0,0.0,0.5,0.5,False,False
Dresden,Valencia,1690.5810027797925,0.0,0.0,0.0,0.0,0.5,0.5,False,False
Dresden,Venice,632.8081140582835,0.0,0.0,0.0,0.0,0.5,0.5,False,False
Dresden,Vienna,368.5594434867057,0.0,0.0,0.0,0.0,0.5,0.5,False,False
Dresden,Zurich,556.3985345608793,0.0,0.0,0.0,0.0,0.5,0.5,False,False
Duisburg,Dusseldorf,23.29151646243936,0.0,1750671.3064356428,1750671.3064356428,0.006540061291385356,0.0,1.0,False,True
Duisburg,Essen,17.33495538038818,0.0,1706688.3401359608,1706688.3401359608,0.006375752152188626,0.0,1.0,False,True
Duisburg,Frankfurt,199.11687602460873,0.0,0.0,0.0,0.0,0.5,0.5,False,False
Duisburg,Geneva,583.3371654942575,0.0,0.0,0.0,0.0,0.5,0.5,False,False
Duisburg,Genoa,798.0417699072163,0.0,0.0,0.0,0.0,0.5,0.5,False,False
Duisburg,Granada,1781.9304187318048,0.0,0.0,0.0,0.0,0.5,0.5,False,False
Duisburg,Hamburg,321.2434625554494,0.0,0.0,0.0,0.0,0.5,0.5,False,False
Duisburg,Hannover,228.77079318151095,0.0,0.0,0.0,0.0,0.5,0.5,False,False
Duisburg,Leipzig,389.0704677902262,0.0,0.0,0.0,0.0,0.5,0.5,False,False
Duisburg,Liege,122.07169157899877,0.0,0.0,0.0,0.0,0.5,0.5,False,False
Duisburg,Lille,274.17085583716204,0.0,0.0,0.0,0.0,0.5,0.5,False,False
Duisburg,Lisbon,1878.1061234755955,0.0,0.0,0.0,0.0,0.5,0.5,False,False
Duisburg,London,477.1986465880712,0.0,0.0,0.0,0.0,0.5,0.5,False,False
Duisburg,Lyon,647.4452699025697,0.0,0.0,0.0,0.0,0.5,0.5,False,False
Duisburg,Madrid,1465.103845934665,0.0,0.0,0.0,0.0,0.5,0.5,False,False
Duisburg,Malaga,1859.2136678830561,0.0,0.0,0.0,0.0,0.5,0.5,False,False
Duisburg,Marseille,910.569191559906,0.0,0.0,0.0,0.0,0.5,0.5,False,False
Duisburg,Milan,687.1969901636081,0.0,0.0,0.0,0.0,0.5,0.5,False,False
Duisburg,Munich,503.2887307481211,0.0,0.0,0.0,0.0,0.5,0.5,False,False
Duisburg,Murcia,1617.74882793817,0.0,0.0,0.0,0.0,0.5,0.5,False,False
Duisburg,Nantes,762.8547021302744,0.0,0.0,0.0,0.0,0.5,0.5,False,False
Duisburg,Naples,1309.1801046417745,0.0,0.0,0.0,0.0,0.5,0.5,False,False
Duisburg,Nice,860.2789395205987,0.0,0.0,0.0,0.0,0.5,0.5,False,False
Duisburg,Nuremberg,376.2506318672831,0.0,350706.7958085036,350706.7958085036,0.0013101511011583487,0.0,1.0,False,True
Duisburg,Palermo,1568.0047077768124,0.0,0.0,0.0,0.0,0.5,0.5,False,False
Duisburg,Palma,1356.973214262034,0.0,0.0,0.0,0.0,0.5,0.5,False,False
Duisburg,Paris,425.643089195278,0.0,0.0,0.0,0.0,0.5,0.5,False,False
Duisburg,Porto,1637.9842629135348,0.0,0.0,0.0,0.0,0.5,0.5,False,False
Duisburg,Rome,1147.0315827336517,0.0,0.0,0.0,0.0,0.5,0.5,False,False
Duisburg,Rotterdam,166.7641765026731,0.0,0.0,0.0,0.0,0.5,0.5,False,False
Duisburg,Seville,1855.389541334136,0.0,0.0,0.0,0.0,0.5,0.5,False,False
Duisburg,Strasbourg,324.3916302414962,0.0,0.0,0.0,0.0,0.5,0.5,False,False
Duisburg,Stuttgart,341.1631238241809,0.0,0.0,0.0,0.0,0.5,0.5,False,False
Duisburg,The Hague,184.26061345190314,0.0,0.0,0.0,0.0,0.5,0.5,False,False
Duisburg,Toulouse,957.1795877254053,0.0,0.0,0.0,0.0,0.5,0.5,False,False
Duisburg,Turin,710.6875242877117,0.0,0.0,0.0,0.0,0.5,0.5,False,False
Duisburg,Utrecht,134.6953947574204,0.0,357270.2502267854,357270.2502267854,0.0013346704921033989,0.0,1.0,False,True
Duisburg,Valencia,1440.1201747432965,0.0,0.0,0.0,0.0,0.5,0.5,False,False
Duisburg,Venice,782.5058389616291,0.0,0.0,0.0,0.0,0.5,0.5,False,False
Duisburg,Vienna,776.0326763001937,0.0,0.0,0.0,0.0,0.5,0.5,False,False
Duisburg,Zurich,470.14496130577686,0.0,0.0,0.0,0.0,0.5,0.5,False,False
Dusseldorf,Essen,30.58448707637601,0.0,1730378.523327944,1730378.523327944,0.006464252631696206,0.0,1.0,False,True
Dusseldorf,Frankfurt,182.17702869999331,0.0,526890.0031481333,526890.0031481333,0.001968326608050048,0.0,1.0,False,True
Dusseldorf,Geneva,560.2322657349602,0.0,0.0,0.0,0.0,0.5,0.5,False,False
Dusseldorf,Genoa,775.124913957778,0.0,0.0,0.0,0.0,0.5,0.5,False,False
Dusseldorf,Granada,1762.603548331906,0.0,0.0,0.0,0.0,0.5,0.5,False,False
Dusseldorf,Hamburg,338.3840432403012,0.0,0.0,0.0,0.0,0.5,0.5,False,False
Dusseldorf,Hannover,239.84954018350507,0.0,0.0,0.0,0.0,0.5,0.5,False,False
Dusseldorf,Leipzig,389.05710068319706,0.0,0.0,0.0,0.0,0.5,0.5,False,False
Dusseldorf,Liege,107.27693279844242,0.0,405882.58404518367,405882.58404518367,0.0015162737670990395,0.0,1.0,False,True
Dusseldorf,Lille,269.07303399163214,0.0,0.0,0.0,0.0,0.5,0.5,False,False
Dusseldorf,Lisbon,1863.1661780452766,0.0,0.0,0.0,0.0,0.5,0.5,False,False
Dusseldorf,London,480.2428433867739,0.0,0.0,0.0,0.0,0.5,0.5,False,False
Dusseldorf,Lyon,625.0569362687221,0.0,0.0,0.0,0.0,0.5,0.5,False,False
Dusseldorf,Madrid,1447.279223930844,0.0,0.0,0.0,0.0,0.5,0.5,False,False
Dusseldorf,Malaga,1840.2129504819454,0.0,0.0,0.0,0.0,0.5,0.5,False,False
Dusseldorf,Marseille,887.6058906132176,0.0,0.0,0.0,0.0,0.5,0.5,False,False
Dusseldorf,Milan,664.5789231334423,0.0,0.0,0.0,0.0,0.5,0.5,False,False
Dusseldorf,Munich,486.44100078914886,0.0,0.0,0.0,0.0,0.5,0.5,False,False
Dusseldorf,Murcia,1597.210046727092,0.0,0.0,0.0,0.0,0.5,0.5,False,False
Dusseldorf,Nantes,750.6896088302015,0.0,0.0,0.0,0.0,0.5,0.5,False,False
Dusseldorf,Naples,1288.3829816495959,0.0,0.0,0.0,0.0,0.5,0.5,False,False
Dusseldorf,Nice,836.9876948518483,0.0,0.0,0.0,0.0,0.5,0.5,False,False
Dusseldorf,Nuremberg,362.876551685329,0.0,0.0,0.0,0.0,0.5,0.5,False,False
Dusseldorf,Palermo,1546.0495942064867,0.0,0.0,0.0,0.0,0.5,0.5,False,False
Dusseldorf,Palma,1334.7886811298995,0.0,0.0,0.0,0.0,0.5,0.5,False,False
Dusseldorf,Paris,411.6426067838823,0.0,0.0,0.0,0.0,0.5,0.5,False,False
Dusseldorf,Porto,1624.4534467495769,0.0,0.0,0.0,0.0,0.5,0.5,False,False
Dusseldorf,Rome,1125.4972404297316,0.0,0.0,0.0,0.0,0.5,0.5,False,False
Dusseldorf,Rotterdam,176.9485010760579,0.0,0.0,0.0,0.0,0.5,0.5,False,False
Dusseldorf,Seville,1837.612487419949,0.0,0.0,0.0,0.0,0.5,0.5,False,False
Dusseldorf,Strasbourg,301.51454717614354,0.0,0.0,0.0,0.0,0.5,0.5,False,False
Dusseldorf,Stuttgart,320.94549526648206,0.0,0.0,0.0,0.0,0.5,0.5,False,False
Dusseldorf,The Hague,195.6830278469048,0.0,0.0,0.0,0.0,0.5,0.5,False,False
Dusseldorf,Toulouse,936.891542658317,0.0,0.0,0.0,0.0,0.5,0.5,False,False
Dusseldorf,Turin,687.4393711722776,0.0,0.0,0.0,0.0,0.5,0.5,False,False
Dusseldorf,Utrecht,149.57186181802342,0.0,343822.3745613723,343822.3745613723,0.0012844326600401103,0.0,1.0,False,True
Dusseldorf,Valencia,1419.554422827019,0.0,0.0,0.0,0.0,0.5,0.5,False,False
Dusseldorf,Venice,762.7080551925964,0.0,0.0,0.0,0.0,0.5,0.5,False,False
Dusseldorf,Vienna,766.0456965346677,0.0,0.0,0.0,0.0,0.5,0.5,False,False
Dusseldorf,Zurich,447.6023869901957,0.0,0.0,0.0,0.0,0.5,0.5,False,False
Essen,Frankfurt,189.85808688542005,0.0,0.0,0.0,0.0,0.5,0.5,False,False
Essen,Geneva,587.6787409947439,0.0,0.0,0.0,0.0,0.5,0.5,False,False
Essen,Genoa,797.1493701389405,0.0,0.0,0.0,0.0,0.5,0.5,False,False
Essen,Granada,1793.1879466585583,0.0,0.0,0.0,0.0,0.5,0.5,False,False
Essen,Hamburg,308.04976455868,0.0,776008.5700980262,776008.5700980262,0.0028989700079190567,0.0,1.0,False,True
Essen,Hannover,212.48677882543944,0.0,561886.9444683256,561886.9444683256,0.002099066250839463,0.0,1.0,False,True
Essen,Leipzig,371.9262990055324,0.0,0.0,0.0,0.0,0.5,0.5,False,False
Essen,Liege,136.27894377893188,0.0,0.0,0.0,0.0,0.5,0.5,False,False
Essen,Lille,291.32850509564844,0.0,0.0,0.0,0.0,0.5,0.5,False,False
Essen,Lisbon,1892.5696622172886,0.0,0.0,0.0,0.0,0.5,0.5,False,False
Essen,London,494.1241576732506,0.0,0.0,0.0,0.0,0.5,0.5,False,False
Essen,Lyon,654.2174177608572,0.0,0.0,0.0,0.0,0.5,0.5,False,False
Essen,Madrid,1477.6945898793074,0.0,0.0,0.0,0.0,0.5,0.5,False,False
Essen,Malaga,1870.7900353019604,0.0,0.0,0.0,0.0,0.5,0.5,False,False
Essen,Marseille,915.5208858641045,0.0,0.0,0.0,0.0,0.5,0.5,False,False
Essen,Milan,685.2974532133078,0.0,0.0,0.0,0.0,0.5,0.5,False,False
Essen,Munich,493.254613052364,0.0,0.0,0.0,0.0,0.5,0.5,False,False
Essen,Murcia,1627.633448444863,0.0,0.0,0.0,0.0,0.5,0.5,False,False
Essen,Nantes,778.5160711627651,0.0,0.0,0.0,0.0,0.5,0.5,False,False
Essen,Naples,1303.362843742279,0.0,0.0,0.0,0.0,0.5,0.5,False,False
Essen,Nice,862.3518697830065,0.0,0.0,0.0,0.0,0.5,0.5,False,False
Essen,Nuremberg,363.78149119020145,0.0,0.0,0.0,0.0,0.5,0.5,False,False
Essen,Palermo,1564.256077607168,0.0,0.0,0.0,0.0,0.5,0.5,False,False
Essen,Palma,1364.1582157669616,0.0,0.0,0.0,0.0,0.5,0.5,False,False
Essen,Paris,440.49536205851814,0.0,0.0,0.0,0.0,0.5,0.5,False,False
Essen,Porto,1653.127304346099,0.0,0.0,0.0,0.0,0.5,0.5,False,False
Essen,Rome,1142.488712309558,0.0,0.0,0.0,0.0,0.5,0.5,False,False
Essen,Rotterdam,182.12580553507044,0.0,0.0,0.0,0.0,0.5,0.5,False,False
Essen,Seville,1868.0204393727815,0.0,0.0,0.0,0.0,0.5,0.5,False,False
Essen,Strasbourg,323.6867041237851,0.0,0.0,0.0,0.0,0.5,0.5,False,False
Essen,Stuttgart,334.993819629325,0.0,0.0,0.0,0.0,0.5,0.5,False,False
Essen,The Hague,199.04877133428514,0.0,0.0,0.0,0.0,0.5,0.5,False,False
Essen,Toulouse,967.3845621047525,0.0,0.0,0.0,0.0,0.5,0.5,False,False
Essen,Turin,711.8443649976481,0.0,0.0,0.0,0.0,0.5,0.5,False,False
Essen,Utrecht,147.9303319011284,0.0,0.0,0.0,0.0,0.5,0.5,False,False
Essen,Valencia,1449.9718158989785,0.0,0.0,0.0,0.0,0.5,0.5,False,False
Essen,Venice,775.4027395489019,0.0,0.0,0.0,0.0,0.5,0.5,False,False
Essen,Vienna,761.5086662314021,0.0,0.0,0.0,0.0,0.5,0.5,False,False
Essen,Zurich,468.1561041679558,0.0,0.0,0.0,0.0,0.5,0.5,False,False
Frankfurt,Geneva,474.0577724929771,424917.3041941456,0.0,424917.3041941456,0.0015873826245875627,1.0,0.0,True,False
Frankfurt,Genoa,635.3077499347473,0.0,0.0,0.0,0.0,0.5,0.5,False,False
Frankfurt,Granada,1739.7717977497057,0.0,0.0,0.0,0.0,0.5,0.5,False,False
Frankfurt,Hamburg,392.40427068678787,429914.1848273348,0.0,429914.1848273348,0.0016060496956057824,1.0,0.0,True,False
Frankfurt,Hannover,261.1540183542006,0.0,639742.6526516807,639742.6526516807,0.0023899153105867463,0.0,1.0,False,True
Frankfurt,Leipzig,293.00677287294076,0.0,554926.4384525826,554926.4384525826,0.002073063576439836,0.0,1.0,False,True
Frankfurt,Liege,228.39150111414108,0.0,0.0,0.0,0.0,0.5,0.5,False,False
Frankfurt,Lille,403.2290784489231,0.0,0.0,0.0,0.0,0.5,0.5,False,False
Frankfurt,Lisbon,1891.1746199257038,707566.4036928852,0.0,707566.4036928852,0.002643287538251943,1.0,0.0,True,False
Frankfurt,London,637.6366188207337,2168953.6400487786,0.0,2168953.6400487786,0.008102657358892314,1.0,0.0,True,False
Frankfurt,Lyon,563.2248617332648,84440.44719843852,0.0,84440.44719843852,0.00031544796451490713,1.0,0.0,True,False
Frankfurt,Madrid,1446.3348980421126,1150673.5393927093,0.0,1150673.5393927093,0.0042986227319424496,1.0,0.0,True,False
Frankfurt,Malaga,1821.4470061113282,0.0,0.0,0.0,0.0,0.5,0.5,False,False
Frankfurt,Marseille,798.7180350262907,175995.94591786442,0.0,175995.94591786442,0.0006574759460024822,1.0,0.0,True,False
Frankfurt,Milan,518.5678995333898,1036244.855579641,0.0,1036244.855579641,0.0038711463673736487,1.0,0.0,True,False
Frankfurt,Munich,304.3268941461498,854236.5784945654,532267.6902510569,1386504.2687456224,0.005179626161135777,0.6161081489257857,0.3838918510742143,True,True
Frankfurt,Murcia,1557.0693534029203,0.0,0.0,0.0,0.0,0.5,0.5,False,False
Frankfurt,Nantes,817.1046245570864,0.0,0.0,0.0,0.0,0.5,0.5,False,False
Frankfurt,Naples,1117.4584180640832,0.0,0.0,0.0,0.0,0.5,0.5,False,False
Frankfurt,Nice,721.079198315836,0.0,0.0,0.0,0.0,0.5,0.5,False,False
Frankfurt,Nuremberg,186.8904818943533,0.0,695406.3303549674,695406.3303549674,0.002597860607082527,0.0,1.0,False,True
Frankfurt,Palermo,1384.8090547631018,109517.44399899033,0.0,109517.44399899033,0.00040912922579826983,1.0,0.0,True,False
Frankfurt,Palma,1264.4542474952832,572122.4726865435,0.0,572122.4726865435,0.0021373035725175916,1.0,0.0,True,False
Frankfurt,Paris,478.51626370933576,1281301.541972123,636528.6024039476,1917830.1443760707,0.007164524056901836,0.6680995946014656,0.3319004053985344,True,True
Frankfurt,Porto,1667.4215929183729,271680.94051711867,0.0,271680.94051711867,0.0010149306703956613,1.0,0.0,True,False
Frankfurt,Rome,960.6744169307664,818140.7152038941,0.0,818140.7152038941,0.003056364951399869,1.0,0.0,True,False
Frankfurt,Rotterdam,356.1218957237704,0.0,0.0,0.0,0.0,0.5,0.5,False,False
Frankfurt,Seville,1834.5517401760976,191216.15260387483,0.0,191216.15260387483,0.0007143347545224701,1.0,0.0,True,False
Frankfurt,Strasbourg,183.37300491476566,216514.0655648,383940.71801899,600454.7835837901,0.0022431458566250736,0.3605834635416585,0.6394165364583415,True,True
Frankfurt,Stuttgart,152.46538422617036,206063.42888880428,803678.1700385058,1009741.5989273101,0.0037721369632151575,0.20407540811204958,0.7959245918879504,True,True
Frankfurt,The Hague,375.85438725216784,0.0,0.0,0.0,0.0,0.5,0.5,False,False
Frankfurt,Toulouse,908.6360004547813,210782.70815263962,0.0,210782.70815263962,0.0007874304133590549,1.0,0.0,True,False
Frankfurt,Turin,565.9305672155798,116518.97679786637,0.0,116518.97679786637,0.0004352851657910965,1.0,0.0,True,False
Frankfurt,Utrecht,331.7368080122533,0.0,0.0,0.0,0.0,0.5,0.5,False,False
Frankfurt,Valencia,1380.3417232851298,0.0,0.0,0.0,0.0,0.5,0.5,False,False
Frankfurt,Venice,587.1513299219495,285575.85131177475,0.0,285575.85131177475,0.0010668385116342322,1.0,0.0,True,False
Frankfurt,Vienna,597.5324498780043,716165.8986463189,0.0,716165.8986463189,0.0026754130571107187,1.0,0.0,True,False
Frankfurt,Zurich,305.8163260175149,659103.0843456441,250193.93279751576,909297.0171431599,0.0033969016355776785,0.7248490558304281,0.27515094416957186,True,True
Geneva,Genoa,296.3711047938389,0.0,0.0,0.0,0.0,0.5,0.5,False,False
Geneva,Granada,1286.472905482332,0.0,0.0,0.0,0.0,0.5,0.5,False,False
Geneva,Hamburg,862.0470896855488,164729.16952406708,0.0,164729.16952406708,0.0006153861442784844,1.0,0.0,True,False
Geneva,Hannover,733.3479338782518,0.0,0.0,0.0,0.0,0.5,0.5,False,False
Geneva,Leipzig,730.5404240583055,0.0,0.0,0.0,0.0,0.5,0.5,False,False
Geneva,Liege,494.6010862756552,0.0,0.0,0.0,0.0,0.5,0.5,False,False
Geneva,Lille,542.883616894604,0.0,0.0,0.0,0.0,0.5,0.5,False,False
Geneva,Lisbon,1501.1134049017842,328688.2569728601,0.0,328688.2569728601,0.0012278954584214801,1.0,0.0,True,False
Geneva,London,746.8635503768843,936057.9008640513,0.0,936057.9008640513,0.0034968734687269875,1.0,0.0,True,False
Geneva,Lyon,112.23451459217677,0.0,530819.8565469352,530819.8565469352,0.001983007537588244,0.0,1.0,False,True
Geneva,Madrid,1022.8068785238145,546331.9092216067,0.0,546331.9092216067,0.002040956608253086,1.0,0.0,True,False
Geneva,Malaga,1371.1321364418723,0.0,0.0,0.0,0.0,0.5,0.5,False,False
Geneva,Marseille,328.6411004138584,92575.4072774823,0.0,92575.4072774823,0.00034583809961584775,1.0,0.0,True,False
Geneva,Milan,249.66833730229055,529114.2108820773,444237.36551480315,973351.5763968804,0.0036361931244893965,0.5436003020005723,0.4563996979994277,True,True
Geneva,Munich,463.29252476890304,350829.34411238413,0.0,350829.34411238413,0.0013106089103516495,1.0,0.0,True,False
Geneva,Murcia,1092.0167267300762,0.0,0.0,0.0,0.0,0.5,0.5,False,False
Geneva,Nantes,597.5089318684702,0.0,0.0,0.0,0.0,0.5,0.5,False,False
Geneva,Naples,883.871024102006,0.0,0.0,0.0,0.0,0.5,0.5,False,False
Geneva,Nice,291.5283468337357,0.0,0.0,0.0,0.0,0.5,0.5,False,False
Geneva,Nuremberg,515.8392166434517,0.0,0.0,0.0,0.0,0.5,0.5,False,False
Geneva,Palermo,1077.0616668587631,0.0,0.0,0.0,0.0,0.5,0.5,False,False
Geneva,Palma,790.3973434824404,278053.79064953513,0.0,278053.79064953513,0.0010387380123641973,1.0,0.0,True,False
Geneva,Paris,409.9928727741508,586663.1677541308,785187.9733745492,1371851.14112868,0.005124885815319286,0.427643459385439,0.572356540614561,True,True
Geneva,Porto,1310.380947933544,126443.10282674934,0.0,126443.10282674934,0.0004723591683487053,1.0,0.0,True,False
Geneva,Rome,698.540394022747,386407.42749232997,0.0,386407.42749232997,0.0014435195515893843,1.0,0.0,True,False
Geneva,Rotterdam,647.5040285104265,16915.565922827274,0.0,16915.565922827274,6.319223803296324e-05,1.0,0.0,True,False
Geneva,Seville,1400.9494221790032,89478.22333229273,0.0,89478.22333229273,0.00033426781068852474,1.0,0.0,True,False
Geneva,Strasbourg,290.9113443039876,88229.95219727531,0.0,88229.95219727531,0.0003296045882427862,1.0,0.0,True,False
Geneva,Stuttgart,366.2421232414373,77633.73708179868,0.0,77633.73708179868,0.00029001983235105036,1.0,0.0,True,False
Geneva,The Hague,666.8257121921655,0.0,0.0,0.0,0.0,0.5,0.5,False,False
Geneva,Toulouse,469.53448979270024,106196.75242273771,0.0,106196.75242273771,0.0003967239693925451,1.0,0.0,True,False
Geneva,Turin,173.75555048913478,64780.03855632969,0.0,64780.03855632969,0.00024200169446958217,1.0,0.0,True,False
Geneva,Utrecht,658.9830598381035,0.0,0.0,0.0,0.0,0.5,0.5,False,False
Geneva,Valencia,917.3392750881374,0.0,0.0,0.0,0.0,0.5,0.5,False,False
Geneva,Venice,486.8079511667286,131570.51350537513,0.0,131570.51350537513,0.0004915138663100209,1.0,0.0,True,False
Geneva,Vienna,803.394347809652,301117.3975796105,0.0,301117.3975796105,0.0011248977628374127,1.0,0.0,True,False
Geneva,Zurich,224.21030852096737,310809.083830492,582277.3048674955,893086.3886979875,0.0033363428640860986,0.348016818712929,0.651983181287071,True,True
Genoa,Granada,1324.195142942833,0.0,0.0,0.0,0.0,0.5,0.5,False,False
Genoa,Hamburg,1019.8284878038443,0.0,0.0,0.0,0.0,0.5,0.5,False,False
Genoa,Hannover,887.6483284635092,0.0,0.0,0.0,0.0,0.5,0.5,False,False
Genoa,Leipzig,812.1425666323627,0.0,0.0,0.0,0.0,0.5,0.5,False,False
Genoa,Liege,737.3867283510856,0.0,0.0,0.0,0.0,0.5,0.5,False,False
Genoa,Lille,821.2011609987953,0.0,0.0,0.0,0.0,0.5,0.5,False,False
Genoa,Lisbon,1628.0195318126362,0.0,0.0,0.0,0.0,0.5,0.5,False,False
Genoa,London,1037.7224964628833,0.0,0.0,0.0,0.0,0.5,0.5,False,False
Genoa,Lyon,354.638376505638,0.0,0.0,0.0,0.0,0.5,0.5,False,False
Genoa,Madrid,1127.4798430465341,0.0,0.0,0.0,0.0,0.5,0.5,False,False
Genoa,Malaga,1412.8625558716512,0.0,0.0,0.0,0.0,0.5,0.5,False,False
Genoa,Marseille,311.1214425757909,0.0,0.0,0.0,0.0,0.5,0.5,False,False
Genoa,Milan,119.3793509726558,0.0,1799194.7900060029,1799194.7900060029,0.0067213326445257696,0.0,1.0,False,True
Genoa,Munich,461.6287899561598,0.0,0.0,0.0,0.0,0.5,0.5,False,False
Genoa,Murcia,1102.9652101542783,0.0,0.0,0.0,0.0,0.5,0.5,False,False
Genoa,Nantes,870.8039574933223,0.0,0.0,0.0,0.0,0.5,0.5,False,False
Genoa,Naples,587.7721361712569,0.0,0.0,0.0,0.0,0.5,0.5,False,False
Genoa,Nice,155.15799112541137,0.0,421025.78110449575,421025.78110449575,0.0015728448873038182,0.0,1.0,False,True
Genoa,Nuremberg,584.3028840781323,0.0,0.0,0.0,0.0,0.5,0.5,False,False
Genoa,Palermo,790.4840397374262,0.0,0.0,0.0,0.0,0.5,0.5,False,False
Genoa,Palma,747.6907923682782,0.0,0.0,0.0,0.0,0.5,0.5,False,False
Genoa,Paris,705.4356533949431,0.0,0.0,0.0,0.0,0.5,0.5,False,False
Genoa,Porto,1474.6864120865064,0.0,0.0,0.0,0.0,0.5,0.5,False,False
Genoa,Rome,402.17936442110647,0.0,811247.7705842963,811247.7705842963,0.0030306146691369594,0.0,1.0,False,True
Genoa,Rotterdam,898.7110723958996,0.0,0.0,0.0,0.0,0.5,0.5,False,False
Genoa,Seville,1473.6651919079768,0.0,0.0,0.0,0.0,0.5,0.5,False,False
Genoa,Strasbourg,473.6571558990749,0.0,0.0,0.0,0.0,0.5,0.5,False,False
Genoa,Stuttgart,487.0839953636213,0.0,0.0,0.0,0.0,0.5,0.5,False,False
Genoa,The Hague,919.3623416303947,0.0,0.0,0.0,0.0,0.5,0.5,False,False
Genoa,Toulouse,606.2587624092414,0.0,0.0,0.0,0.0,0.5,0.5,False,False
Genoa,Turin,123.87640757495828,0.0,1179390.0959371827,1179390.0959371827,0.004405900459742059,0.0,1.0,False,True
Genoa,Utrecht,899.9636422660841,0.0,0.0,0.0,0.0,0.5,0.5,False,False
Genoa,Valencia,945.2784617191471,0.0,0.0,0.0,0.0,0.5,0.5,False,False
Genoa,Venice,290.3929708855343,0.0,0.0,0.0,0.0,0.5,0.5,False,False
Genoa,Vienna,709.6904661704631,0.0,0.0,0.0,0.0,0.5,0.5,False,False
Genoa,Zurich,330.7575186102858,0.0,0.0,0.0,0.0,0.5,0.5,False,False
Granada,Hamburg,2098.7772210277267,0.0,0.0,0.0,0.0,0.5,0.5,False,False
Granada,Hannover,1982.5179712846877,0.0,0.0,0.0,0.0,0.5,0.5,False,False
Granada,Leipzig,2014.4549801857136,0.0,0.0,0.0,0.0,0.5,0.5,False,False
Granada,Liege,1662.948668905103,0.0,0.0,0.0,0.0,0.5,0.5,False,False
Granada,Lille,1585.8728411916293,0.0,0.0,0.0,0.0,0.5,0.5,False,False
Granada,Lisbon,515.0574521766115,0.0,0.0,0.0,0.0,0.5,0.5,False,False
Granada,London,1615.7460052450676,0.0,0.0,0.0,0.0,0.5,0.5,False,False
Granada,Lyon,1182.7562949910323,0.0,0.0,0.0,0.0,0.5,0.5,False,False
Granada,Madrid,359.07000146898014,0.0,1061172.2362865221,1061172.2362865221,0.0039642687011077985,0.0,1.0,False,True
Granada,Malaga,89.08143058601499,0.0,,,,0.5,0.5,False,True
Granada,Marseille,1020.347099632425,0.0,0.0,0.0,0.0,0.5,0.5,False,False
Granada,Milan,1407.1052676365623,0.0,0.0,0.0,0.0,0.5,0.5,False,False
Granada,Munich,1732.7967935515987,0.0,0.0,0.0,0.0,0.5,0.5,False,False
Granada,Murcia,235.60053508849927,0.0,0.0,0.0,0.0,0.5,0.5,False,False
Granada,Nantes,1127.8222723051038,0.0,0.0,0.0,0.0,0.5,0.5,False,False
Granada,Naples,1593.8744422797374,0.0,0.0,0.0,0.0,0.5,0.5,False,False
Granada,Nice,1169.3403179285312,0.0,0.0,0.0,0.0,0.5,0.5,False,False
Granada,Nuremberg,1802.1983762987547,0.0,0.0,0.0,0.0,0.5,0.5,False,False
Granada,Palermo,1495.4772797666456,0.0,0.0,0.0,0.0,0.5,0.5,False,False
Granada,Palma,606.0830216821071,0.0,0.0,0.0,0.0,0.5,0.5,False,False
Granada,Paris,1383.4306648954905,0.0,0.0,0.0,0.0,0.5,0.5,False,False
Granada,Porto,616.2579731056732,0.0,0.0,0.0,0.0,0.5,0.5,False,False
Granada,Rome,1474.9510470051728,0.0,0.0,0.0,0.0,0.5,0.5,False,False
Granada,Rotterdam,1756.5738720515642,0.0,0.0,0.0,0.0,0.5,0.5,False,False
Granada,Seville,210.47368474740836,0.0,634591.0966437272,634591.0966437272,0.002370670411836097,0.0,1.0,False,True
Granada,Strasbourg,1565.1432996791102,0.0,0.0,0.0,0.0,0.5,0.5,False,False
Granada,Stuttgart,1651.6464883887822,0.0,0.0,0.0,0.0,0.5,0.5,False,False
Granada,The Hague,1767.2244620955382,0.0,0.0,0.0,0.0,0.5,0.5,False,False
Granada,Toulouse,831.4131400001545,0.0,0.0,0.0,0.0,0.5,0.5,False,False
Granada,Turin,1287.2479438000871,0.0,0.0,0.0,0.0,0.5,0.5,False,False
Granada,Utrecht,1792.175103335174,0.0,0.0,0.0,0.0,0.5,0.5,False,False
Granada,Valencia,379.1972661328395,0.0,0.0,0.0,0.0,0.5,0.5,False,False
Granada,Venice,1611.9626523014244,0.0,0.0,0.0,0.0,0.5,0.5,False,False
Granada,Vienna,2031.1385619333382,0.0,0.0,0.0,0.0,0.5,0.5,False,False
Granada,Zurich,1506.7900982273104,0.0,0.0,0.0,0.0,0.5,0.5,False,False
Hamburg,Hannover,132.38177912143902,0.0,1147160.8592899335,1147160.8592899335,0.004285500255390323,0.0,1.0,False,True
Hamburg,Leipzig,293.9541440580734,0.0,0.0,0.0,0.0,0.5,0.5,False,False
Hamburg,Liege,443.2498751143372,0.0,0.0,0.0,0.0,0.5,0.5,False,False
Hamburg,Lille,573.9241306876901,0.0,0.0,0.0,0.0,0.5,0.5,False,False
Hamburg,Lisbon,2197.9213587320673,298544.18800971593,0.0,298544.18800971593,0.0011152849084764456,1.0,0.0,True,False
Hamburg,London,720.4315283636264,920048.9297182114,0.0,920048.9297182114,0.003437068037449896,1.0,0.0,True,False
Hamburg,Lyon,942.6708169339985,0.0,0.0,0.0,0.0,0.5,0.5,False,False
Hamburg,Madrid,1785.6288725790682,479987.3346005429,0.0,479987.3346005429,0.0017931102062599786,1.0,0.0,True,False
Hamburg,Malaga,2177.163439199669,0.0,0.0,0.0,0.0,0.5,0.5,False,False
Hamburg,Marseille,1189.232907063059,0.0,0.0,0.0,0.0,0.5,0.5,False,False
Hamburg,Milan,901.0271780083092,405198.27554573555,0.0,405198.27554573555,0.0015137173651564508,1.0,0.0,True,False
Hamburg,Munich,612.058341508338,324913.8386035926,441595.0163420202,766508.8549456128,0.002863481496101279,0.42388791271908616,0.5761120872809138,True,True
Hamburg,Murcia,1928.4655345324886,0.0,0.0,0.0,0.0,0.5,0.5,False,False
Hamburg,Nantes,1077.5726326542044,0.0,0.0,0.0,0.0,0.5,0.5,False,False
Hamburg,Naples,1447.808993344054,0.0,0.0,0.0,0.0,0.5,0.5,False,False
Hamburg,Nice,1112.974626903136,0.0,0.0,0.0,0.0,0.5,0.5,False,False
Hamburg,Nuremberg,461.6409250310539,0.0,580485.9617022922,580485.9617022922,0.0021685474334135523,0.0,1.0,False,True
Hamburg,Palermo,1735.448254821246,0.0,0.0,0.0,0.0,0.5,0.5,False,False
Hamburg,Palma,1650.780653869536,236144.0580343425,0.0,236144.0580343425,0.0008821739451967392,1.0,0.0,True,False
Hamburg,Paris,745.1943403960046,511508.24891475955,0.0,511508.24891475955,0.0019108642991143366,1.0,0.0,True,False
Hamburg,Porto,1954.996430731697,114440.0429825718,0.0,114440.0429825718,0.0004275187995276074,1.0,0.0,True,False
Hamburg,Rome,1309.7968196889078,334928.4730479446,0.0,334928.4730479446,0.0012512073133953488,1.0,0.0,True,False
Hamburg,Rotterdam,412.8732040187111,17980.44634893852,0.0,17980.44634893852,6.717035958505719e-05,1.0,0.0,True,False
Hamburg,Seville,2175.9694089417058,0.0,0.0,0.0,0.0,0.5,0.5,False,False
Hamburg,Strasbourg,574.101360431993,75739.15871261999,0.0,75739.15871261999,0.0002829421709932545,1.0,0.0,True,False
Hamburg,Stuttgart,533.2570249669806,70588.61130377985,0.0,70588.61130377985,0.0002637010401115342,1.0,0.0,True,False
Hamburg,The Hague,416.17592496065856,0.0,0.0,0.0,0.0,0.5,0.5,False,False
Hamburg,Toulouse,1270.2627274038239,0.0,0.0,0.0,0.0,0.5,0.5,False,False
Hamburg,Turin,957.5299736804723,0.0,0.0,0.0,0.0,0.5,0.5,False,False
Hamburg,Utrecht,365.23974153307955,0.0,345616.42208143184,345616.42208143184,0.0012911347637975176,0.0,1.0,False,True
Hamburg,Valencia,1750.8384924714226,0.0,0.0,0.0,0.0,0.5,0.5,False,False
Hamburg,Venice,917.7450530333435,113925.32721477552,0.0,113925.32721477552,0.00042559595275639723,1.0,0.0,True,False
Hamburg,Vienna,743.129292438945,298325.01602157776,0.0,298325.01602157776,0.0011144661378537084,1.0,0.0,True,False
Hamburg,Zurich,695.142691825833,244955.8224882922,221121.8944129794,466077.7169012716,0.0017411474237784476,0.5255686200080248,0.47443137999197516,True,True
Hannover,Leipzig,214.37925671487042,0.0,570405.7232127687,570405.7232127687,0.0021308902345373738,0.0,1.0,False,True
Hannover,Liege,346.9544090417597,0.0,0.0,0.0,0.0,0.5,0.5,False,False
Hannover,Lille,500.710525984899,0.0,0.0,0.0,0.0,0.5,0.5,False,False
Hannover,Lisbon,2100.529363863031,0.0,0.0,0.0,0.0,0.5,0.5,False,False
Hannover,London,682.0538576384315,0.0,0.0,0.0,0.0,0.5,0.5,False,False
Hannover,Lyon,817.3473674281516,0.0,0.0,0.0,0.0,0.5,0.5,False,False
Hannover,Madrid,1676.127244566374,0.0,0.0,0.0,0.0,0.5,0.5,False,False
Hannover,Malaga,2062.201149169271,0.0,0.0,0.0,0.0,0.5,0.5,False,False
Hannover,Marseille,1059.4463160427192,0.0,0.0,0.0,0.0,0.5,0.5,False,False
Hannover,Milan,768.9608298378736,0.0,0.0,0.0,0.0,0.5,0.5,False,False
Hannover,Munich,488.53827057928476,0.0,592539.4516926056,592539.4516926056,0.0022135761963926223,0.0,1.0,False,True
Hannover,Murcia,1807.3358396520568,0.0,0.0,0.0,0.0,0.5,0.5,False,False
Hannover,Nantes,990.5385843808856,0.0,0.0,0.0,0.0,0.5,0.5,False,False
Hannover,Naples,1326.1210739216021,0.0,0.0,0.0,0.0,0.5,0.5,False,False
Hannover,Nice,980.9151973159584,0.0,0.0,0.0,0.0,0.5,0.5,False,False
Hannover,Nuremberg,337.6811887095414,0.0,509619.3945861973,509619.3945861973,0.0019038080213117107,0.0,1.0,False,True
Hannover,Palermo,1609.7164082297575,0.0,0.0,0.0,0.0,0.5,0.5,False,False
Hannover,Palma,1523.2581684293625,0.0,0.0,0.0,0.0,0.5,0.5,False,False
Hannover,Paris,650.9626667610089,0.0,0.0,0.0,0.0,0.5,0.5,False,False
Hannover,Porto,1863.7093852704693,0.0,0.0,0.0,0.0,0.5,0.5,False,False
Hannover,Rome,1183.7319061651208,0.0,0.0,0.0,0.0,0.5,0.5,False,False
Hannover,Rotterdam,361.8674011117783,0.0,0.0,0.0,0.0,0.5,0.5,False,False
Hannover,Seville,2066.2569724112554,0.0,0.0,0.0,0.0,0.5,0.5,False,False
Hannover,Strasbourg,443.8775144242428,0.0,197884.30054215775,197884.30054215775,0.0007392452537441573,0.0,1.0,False,True
Hannover,Stuttgart,400.91464452610387,0.0,0.0,0.0,0.0,0.5,0.5,False,False
Hannover,The Hague,371.53414035478454,0.0,0.0,0.0,0.0,0.5,0.5,False,False
Hannover,Toulouse,1151.9127635926811,0.0,0.0,0.0,0.0,0.5,0.5,False,False
Hannover,Turin,825.40017004362,0.0,0.0,0.0,0.0,0.5,0.5,False,False
Hannover,Utrecht,315.5143136211152,0.0,243068.02645793848,243068.02645793848,0.0009080401244752074,0.0,1.0,False,True
Hannover,Valencia,1629.9269501565932,0.0,0.0,0.0,0.0,0.5,0.5,False,False
Hannover,Venice,793.8845675214142,0.0,0.0,0.0,0.0,0.5,0.5,False,False
Hannover,Vienna,660.2735878662149,0.0,0.0,0.0,0.0,0.5,0.5,False,False
Hannover,Zurich,562.806561863763,0.0,192738.47674195984,192738.47674195984,0.0007200217690590263,0.0,1.0,False,True
Leipzig,Liege,482.48934187867656,0.0,0.0,0.0,0.0,0.5,0.5,False,False
Leipzig,Lille,656.3564838470481,0.0,0.0,0.0,0.0,0.5,0.5,False,False
Leipzig,Lisbon,2182.721558214061,0.0,0.0,0.0,0.0,0.5,0.5,False,False
Leipzig,London,865.6412962794257,0.0,0.0,0.0,0.0,0.5,0.5,False,False
Leipzig,Lyon,831.7145926457064,0.0,0.0,0.0,0.0,0.5,0.5,False,False
Leipzig,Madrid,1731.6591689705108,0.0,0.0,0.0,0.0,0.5,0.5,False,False
Leipzig,Malaga,2097.894310591855,0.0,0.0,0.0,0.0,0.5,0.5,False,False
Leipzig,Marseille,1036.912778214847,0.0,0.0,0.0,0.0,0.5,0.5,False,False
Leipzig,Milan,694.0778621550497,0.0,0.0,0.0,0.0,0.5,0.5,False,False
Leipzig,Munich,360.6244197013419,0.0,607770.3853094545,607770.3853094545,0.0022704750779890892,0.0,1.0,False,True
Leipzig,Murcia,1822.5411010770729,0.0,0.0,0.0,0.0,0.5,0.5,False,False
Leipzig,Nantes,1106.9546104412782,0.0,0.0,0.0,0.0,0.5,0.5,False,False
Leipzig,Naples,1175.1803345237747,0.0,0.0,0.0,0.0,0.5,0.5,False,False
Leipzig,Nice,931.10183619158,0.0,0.0,0.0,0.0,0.5,0.5,False,False
Leipzig,Nuremberg,228.81876179586652,0.0,642160.8899643228,642160.8899643228,0.0023989492281380623,0.0,1.0,False,True
Leipzig,Palermo,1472.3843095542734,0.0,0.0,0.0,0.0,0.5,0.5,False,False
Leipzig,Palma,1509.5905023991897,0.0,0.0,0.0,0.0,0.5,0.5,False,False
Leipzig,Paris,765.7281170733618,0.0,0.0,0.0,0.0,0.5,0.5,False,False
Leipzig,Porto,1960.3902579681453,0.0,0.0,0.0,0.0,0.5,0.5,False,False
Leipzig,Rome,1050.589107245303,0.0,0.0,0.0,0.0,0.5,0.5,False,False
Leipzig,Rotterdam,548.2896499863701,0.0,0.0,0.0,0.0,0.5,0.5,False,False
Leipzig,Seville,2117.9083774828955,0.0,0.0,0.0,0.0,0.5,0.5,False,False
Leipzig,Strasbourg,450.8150047464963,0.0,200961.45613310553,200961.45613310553,0.0007507407218505613,0.0,1.0,False,True
Leipzig,Stuttgart,364.4166588712253,0.0,0.0,0.0,0.0,0.5,0.5,False,False
Leipzig,The Hague,561.941636497105,0.0,0.0,0.0,0.0,0.5,0.5,False,False
Leipzig,Toulouse,1186.8627712977645,0.0,0.0,0.0,0.0,0.5,0.5,False,False
Leipzig,Turin,778.3633934237182,0.0,0.0,0.0,0.0,0.5,0.5,False,False
Leipzig,Utrecht,506.1252543484941,0.0,0.0,0.0,0.0,0.5,0.5,False,False
Leipzig,Valencia,1647.7608687583518,0.0,0.0,0.0,0.0,0.5,0.5,False,False
Leipzig,Venice,656.3331181826252,0.0,0.0,0.0,0.0,0.5,0.5,False,False
Leipzig,Vienna,451.25684205014494,0.0,0.0,0.0,0.0,0.5,0.5,False,False
Leipzig,Zurich,521.1517772353579,0.0,179015.2210855959,179015.2210855959,0.0006687551876167889,0.0,1.0,False,True
Liege,Lille,177.18415361774257,0.0,0.0,0.0,0.0,0.5,0.5,False,False
Liege,Lisbon,1756.2962553657453,0.0,0.0,0.0,0.0,0.5,0.5,False,False
Liege,London,409.38896927695885,0.0,0.0,0.0,0.0,0.5,0.5,False,False
Liege,Lyon,545.7560455627877,0.0,0.0,0.0,0.0,0.5,0.5,False,False
Liege,Madrid,1343.8669127230523,0.0,0.0,0.0,0.0,0.5,0.5,False,False
Liege,Malaga,1739.5666787865355,0.0,0.0,0.0,0.0,0.5,0.5,False,False
Liege,Marseille,815.9346086172504,0.0,0.0,0.0,0.0,0.5,0.5,False,False
Liege,Milan,634.5537435856988,0.0,0.0,0.0,0.0,0.5,0.5,False,False
Liege,Munich,515.6743378911917,0.0,0.0,0.0,0.0,0.5,0.5,False,False
Liege,Murcia,1502.2978566150623,0.0,0.0,0.0,0.0,0.5,0.5,False,False
Liege,Nantes,643.7244143032066,0.0,0.0,0.0,0.0,0.5,0.5,False,False
Liege,Naples,1278.2025445259217,0.0,0.0,0.0,0.0,0.5,0.5,False,False
Liege,Nice,781.2135552183129,0.0,0.0,0.0,0.0,0.5,0.5,False,False
Liege,Nuremberg,414.63215865403686,0.0,0.0,0.0,0.0,0.5,0.5,False,False
Liege,Palermo,1521.4939853083376,0.0,0.0,0.0,0.0,0.5,0.5,False,False
Liege,Palma,1251.1585273004107,0.0,0.0,0.0,0.0,0.5,0.5,False,False
Liege,Paris,304.3829413181766,0.0,0.0,0.0,0.0,0.5,0.5,False,False
Liege,Porto,1517.179426430826,0.0,0.0,0.0,0.0,0.5,0.5,False,False
Liege,Rome,1107.8215398354553,0.0,0.0,0.0,0.0,0.5,0.5,False,False
Liege,Rotterdam,162.06567388256838,0.0,0.0,0.0,0.0,0.5,0.5,False,False
Liege,Seville,1734.0757393452536,0.0,0.0,0.0,0.0,0.5,0.5,False,False
Liege,Strasbourg,276.7049460042954,0.0,0.0,0.0,0.0,0.5,0.5,False,False
Liege,Stuttgart,331.219204293401,0.0,0.0,0.0,0.0,0.5,0.5,False,False
Liege,The Hague,183.04233709490205,0.0,0.0,0.0,0.0,0.5,0.5,False,False
Liege,Toulouse,841.2829431501908,0.0,0.0,0.0,0.0,0.5,0.5,False,False
Liege,Turin,638.4241435055011,0.0,0.0,0.0,0.0,0.5,0.5,False,False
Liege,Utrecht,164.94423703624383,0.0,310477.6791447095,310477.6791447095,0.0011598653863515085,0.0,1.0,False,True
Liege,Valencia,1324.8553505569016,0.0,0.0,0.0,0.0,0.5,0.5,False,False
Liege,Venice,765.4619184817876,0.0,0.0,0.0,0.0,0.5,0.5,False,False
Liege,Vienna,825.8206846455934,0.0,0.0,0.0,0.0,0.5,0.5,False,False
Liege,Zurich,423.36927952860174,0.0,0.0,0.0,0.0,0.5,0.5,False,False
Lille,Lisbon,1633.9338133573622,0.0,0.0,0.0,0.0,0.5,0.5,False,False
Lille,London,242.56631498013962,0.0,933415.6294476198,933415.6294476198,0.0034870026169295013,0.0,1.0,False,True
Lille,Lyon,559.1450744488828,0.0,0.0,0.0,0.0,0.5,0.5,False,False
Lille,Madrid,1250.8911697438477,0.0,0.0,0.0,0.0,0.5,0.5,False,False
Lille,Malaga,1657.7562963743028,0.0,0.0,0.0,0.0,0.5,0.5,False,False
Lille,Marseille,834.5923597581416,0.0,0.0,0.0,0.0,0.5,0.5,False,False
Lille,Milan,733.20441640712,0.0,0.0,0.0,0.0,0.5,0.5,False,False
Lille,Munich,675.8069982643659,0.0,0.0,0.0,0.0,0.5,0.5,False,False
Lille,Murcia,1444.5456083667486,0.0,0.0,0.0,0.0,0.5,0.5,False,False
Lille,Nantes,507.4411668518091,0.0,0.0,0.0,0.0,0.5,0.5,False,False
Lille,Naples,1389.7044541608234,0.0,0.0,0.0,0.0,0.5,0.5,False,False
Lille,Nice,833.4756200659546,0.0,0.0,0.0,0.0,0.5,0.5,False,False
Lille,Nuremberg,587.3794776115913,0.0,0.0,0.0,0.0,0.5,0.5,False,False
Lille,Palermo,1611.6122741876875,0.0,0.0,0.0,0.0,0.5,0.5,False,False
Lille,Palma,1230.7236749022147,0.0,0.0,0.0,0.0,0.5,0.5,False,False
Lille,Paris,204.38160143801028,0.0,2275117.2414077558,2275117.2414077558,0.00849925748436963,0.0,1.0,False,True
Lille,Porto,1385.059566213094,0.0,0.0,0.0,0.0,0.5,0.5,False,False
Lille,Rome,1211.7496324521053,0.0,0.0,0.0,0.0,0.5,0.5,False,False
Lille,Rotterdam,174.18157419085117,0.0,0.0,0.0,0.0,0.5,0.5,False,False
Lille,Seville,1637.9957839293827,0.0,0.0,0.0,0.0,0.5,0.5,False,False
Lille,Strasbourg,407.5305660477635,0.0,0.0,0.0,0.0,0.5,0.5,False,False
Lille,Stuttgart,485.7794181951289,0.0,0.0,0.0,0.0,0.5,0.5,False,False
Lille,The Hague,182.18278382839654,0.0,0.0,0.0,0.0,0.5,0.5,False,False
Lille,Toulouse,791.0611023331401,0.0,0.0,0.0,0.0,0.5,0.5,False,False
Lille,Turin,708.2821051688694,0.0,0.0,0.0,0.0,0.5,0.5,False,False
Lille,Utrecht,216.4121550261043,0.0,0.0,0.0,0.0,0.5,0.5,False,False
Lille,Valencia,1269.5598488427438,0.0,0.0,0.0,0.0,0.5,0.5,False,False
Lille,Venice,898.6890982395707,0.0,0.0,0.0,0.0,0.5,0.5,False,False
Lille,Vienna,998.7203025540426,0.0,0.0,0.0,0.0,0.5,0.5,False,False
Lille,Zurich,540.7241871286855,0.0,0.0,0.0,0.0,0.5,0.5,False,False
Lisbon,London,1585.2431848538122,1756315.6280033255,0.0,1756315.6280033255,0.006561147036530794,1.0,0.0,True,False
Lisbon,Lyon,1388.949398515884,68480.71321736622,0.0,68480.71321736622,0.00025582647072180286,1.0,0.0,True,False
Lisbon,Madrid,503.24357410329327,1351590.5156591742,0.0,1351590.5156591742,0.005049197288360932,1.0,0.0,True,False
Lisbon,Malaga,471.8550145859919,0.0,0.0,0.0,0.0,0.5,0.5,False,False
Lisbon,Marseille,1318.684053418133,153986.28009034166,0.0,153986.28009034166,0.0005752534505598745,1.0,0.0,True,False
Lisbon,Milan,1683.2604407095537,797822.3511405028,0.0,797822.3511405028,0.002980460727787608,1.0,0.0,True,False
Lisbon,Munich,1964.2878788418277,577504.8697825999,0.0,577504.8697825999,0.002157410834670904,1.0,0.0,True,False
Lisbon,Murcia,703.8551634043206,0.0,0.0,0.0,0.0,0.5,0.5,False,False
Lisbon,Nantes,1127.3337068214012,0.0,0.0,0.0,0.0,0.5,0.5,False,False
Lisbon,Naples,2008.767071770221,0.0,0.0,0.0,0.0,0.5,0.5,False,False
Lisbon,Nice,1477.2809729441176,0.0,0.0,0.0,0.0,0.5,0.5,False,False
Lisbon,Nuremberg,1997.6853302634438,0.0,0.0,0.0,0.0,0.5,0.5,False,False
Lisbon,Palermo,1957.5409976420058,0.0,0.0,0.0,0.0,0.5,0.5,False,False
Lisbon,Palma,1021.1502425677912,573076.2709784696,0.0,573076.2709784696,0.0021408667195606055,1.0,0.0,True,False
Lisbon,Paris,1452.7808694931002,999053.2724363564,0.0,999053.2724363564,0.0037322081027282078,1.0,0.0,True,False
Lisbon,Porto,273.3570514023223,367936.2756276865,777746.1914234379,1145682.4670511244,0.004279977359219593,0.32115030665933014,0.6788496933406698,True,True
Lisbon,Rome,1864.931276303158,694228.3504347665,0.0,694228.3504347665,0.0025934599746795088,1.0,0.0,True,False
Lisbon,Rotterdam,1807.1150605026864,30136.861041888857,0.0,30136.861041888857,0.00011258362299043154,1.0,0.0,True,False
Lisbon,Seville,315.6275506578685,256609.84343898282,0.0,256609.84343898282,0.0009586288973231896,1.0,0.0,True,False
Lisbon,Strasbourg,1739.5109602772798,136091.75605435905,0.0,136091.75605435905,0.0005084040748116824,1.0,0.0,True,False
Lisbon,Stuttgart,1840.5389631039866,123750.08984344765,0.0,123750.08984344765,0.00046229875900484713,1.0,0.0,True,False
Lisbon,The Hague,1812.0605179308677,0.0,0.0,0.0,0.0,0.5,0.5,False,False
Lisbon,Toulouse,1038.3572574976363,197714.93016141118,0.0,197714.93016141118,0.0007386125292190247,1.0,0.0,True,False
Lisbon,Turin,1557.77698438031,0.0,0.0,0.0,0.0,0.5,0.5,False,False
Lisbon,Utrecht,1850.3450521222023,0.0,0.0,0.0,0.0,0.5,0.5,False,False
Lisbon,Valencia,761.0602733536219,0.0,0.0,0.0,0.0,0.5,0.5,False,False
Lisbon,Venice,1916.0458470543178,219648.53635977118,0.0,219648.53635977118,0.0008205508852948101,1.0,0.0,True,False
Lisbon,Vienna,2298.910517881482,533943.1373805273,0.0,533943.1373805273,0.001994675317831635,1.0,0.0,True,False
Lisbon,Zurich,1723.4287389398812,457170.4253556334,0.0,457170.4253556334,0.0017078720553900103,1.0,0.0,True,False
London,Lyon,736.9911874410639,192663.87046809556,0.0,192663.87046809556,0.0007197430590567543,1.0,0.0,True,False
London,Madrid,1263.580384858784,2833925.469743581,0.0,2833925.469743581,0.010586822437317645,1.0,0.0,True,False
London,Malaga,1678.9994817287693,0.0,0.0,0.0,0.0,0.5,0.5,False,False
London,Marseille,1002.0397771563373,404773.31487972545,0.0,404773.31487972545,0.0015121298205431832,1.0,0.0,True,False
London,Milan,959.3425094731648,2214448.629367143,0.0,2214448.629367143,0.008272615030271996,1.0,0.0,True,False
London,Munich,917.9568792403693,1664260.0750144832,0.0,1664260.0750144832,0.00621725097988886,1.0,0.0,True,False
London,Murcia,1505.5730604444182,0.0,0.0,0.0,0.0,0.5,0.5,False,False
London,Nantes,488.2136236572904,0.0,0.0,0.0,0.0,0.5,0.5,False,False
London,Naples,1616.6886006375466,14599.161340698598,0.0,14599.161340698598,5.453874157873073e-05,1.0,0.0,True,False
London,Nice,1028.5773257479539,0.0,0.0,0.0,0.0,0.5,0.5,False,False
London,Nuremberg,824.0169792664849,0.0,0.0,0.0,0.0,0.5,0.5,False,False
London,Palermo,1823.9122366988177,249572.69742552112,0.0,249572.69742552112,0.0009323399154479049,1.0,0.0,True,False
London,Palma,1344.8003805853234,1357586.6873959869,0.0,1357586.6873959869,0.005071597455958509,1.0,0.0,True,False
London,Paris,343.77088677425985,3274602.1701131556,698910.6847426484,3973512.854855804,0.014844030125663044,0.8241076069784072,0.17589239302159276,True,True
London,Porto,1321.4237747155958,681559.5017180437,0.0,681559.5017180437,0.0025461323885163766,1.0,0.0,True,False
London,Rome,1435.4748065500655,1820434.6475368598,0.0,1820434.6475368598,0.006800679332599911,1.0,0.0,True,False
London,Rotterdam,320.51053807082695,104316.3673920962,0.0,104316.3673920962,0.00038969933072588567,1.0,0.0,True,False
London,Seville,1636.5331862234607,469080.0600740342,0.0,469080.0600740342,0.0017523634117799975,1.0,0.0,True,False
London,Strasbourg,648.8520835236843,409275.12930969585,0.0,409275.12930969585,0.0015289474505495798,1.0,0.0,True,False
London,Stuttgart,728.2308734202173,368032.0568911097,0.0,368032.0568911097,0.0013748738557685172,1.0,0.0,True,False
London,The Hague,310.72132918294335,0.0,0.0,0.0,0.0,0.5,0.5,False,False
London,Toulouse,886.7127802955921,508370.9014253673,0.0,508370.9014253673,0.0018991439694341894,1.0,0.0,True,False
London,Turin,919.0287974765997,255215.14466748855,0.0,255215.14466748855,0.0009534186585907324,1.0,0.0,True,False
London,Utrecht,366.5496959024421,0.0,0.0,0.0,0.0,0.5,0.5,False,False
London,Valencia,1338.332842537733,0.0,0.0,0.0,0.0,0.5,0.5,False,False
London,Venice,1137.3674082285356,604985.3866105697,0.0,604985.3866105697,0.0022600710334833166,1.0,0.0,True,False
London,Vienna,1235.1617433268275,1498651.5976713453,0.0,1498651.5976713453,0.0055985799659666125,1.0,0.0,True,False
London,Zurich,777.3885337872831,1326329.4857969992,0.0,1326329.4857969992,0.00495482852651808,1.0,0.0,True,False
Lyon,Madrid,912.2051324460208,114620.47963263039,0.0,114620.47963263039,0.0004281928648111689,1.0,0.0,True,False
Lyon,Malaga,1266.4572258559926,0.0,0.0,0.0,0.0,0.5,0.5,False,False
Lyon,Marseille,275.9172521904283,19645.589531431546,949069.1163299186,968714.7058613502,0.0036188709593341743,0.020280057082403137,0.9797199429175969,True,True
Lyon,Milan,339.17248314361944,102514.54199911014,0.0,102514.54199911014,0.0003829681708198633,1.0,0.0,True,False
Lyon,Munich,575.3650637557714,69135.82105416592,0.0,69135.82105416592,0.0002582737864397145,1.0,0.0,True,False
Lyon,Murcia,994.2768132955435,0.0,0.0,0.0,0.0,0.5,0.5,False,False
Lyon,Nantes,516.4058488491967,0.0,476594.8498920348,476594.8498920348,0.001780436749031218,0.0,1.0,False,True
Lyon,Naples,935.7941938730742,0.0,0.0,0.0,0.0,0.5,0.5,False,False
Lyon,Nice,297.04141690552495,0.0,0.0,0.0,0.0,0.5,0.5,False,False
Lyon,Nuremberg,622.4410561605163,0.0,0.0,0.0,0.0,0.5,0.5,False,False
Lyon,Palermo,1101.6238421277078,0.0,0.0,0.0,0.0,0.5,0.5,False,False
Lyon,Palma,710.1788627133977,58253.86612233494,0.0,58253.86612233494,0.00021762157950478352,1.0,0.0,True,False
Lyon,Paris,393.223311180045,121401.47985441395,1606461.6566241935,1727863.1364786075,0.006454855788264929,0.07026105094286038,0.9297389490571396,True,True
Lyon,Porto,1198.8440432851457,26400.221170249963,0.0,26400.221170249963,9.862448988845136e-05,1.0,0.0,True,False
Lyon,Rome,749.1018481485629,78290.52206122459,0.0,78290.52206122459,0.00029247341344586605,1.0,0.0,True,False
Lyon,Rotterdam,686.9829469302091,0.0,0.0,0.0,0.0,0.5,0.5,False,False
Lyon,Seville,1292.2803470669094,18653.255906747992,0.0,18653.255906747992,6.968380441580765e-05,1.0,0.0,True,False
Lyon,Strasbourg,383.7982292040785,17189.25939697996,630875.9067982413,648065.1661952212,0.00242100609757403,0.026523967486013465,0.9734760325139865,True,True
Lyon,Stuttgart,469.3914577481554,0.0,0.0,0.0,0.0,0.5,0.5,False,False
Lyon,The Hague,704.7364446489371,0.0,0.0,0.0,0.0,0.5,0.5,False,False
Lyon,Toulouse,359.56350873613843,22931.749598963845,573769.1779170027,596700.9275159666,0.0022291224082071127,0.0384308931685886,0.9615691068314114,True,True
Lyon,Turin,234.09048906254097,0.0,304334.67802671896,304334.67802671896,0.001136916701651521,0.0,1.0,False,True
Lyon,Utrecht,705.4560384060759,0.0,0.0,0.0,0.0,0.5,0.5,False,False
Lyon,Valencia,818.0344664765403,0.0,0.0,0.0,0.0,0.5,0.5,False,False
Lyon,Venice,583.1964889797106,26104.92523478144,0.0,26104.92523478144,9.752133962262954e-05,1.0,0.0,True,False
Lyon,Vienna,915.0172121262239,60318.836585154866,0.0,60318.836585154866,0.00022533578224638148,1.0,0.0,True,False
Lyon,Zurich,335.3212391066335,0.0,0.0,0.0,0.0,0.5,0.5,False,False
Madrid,Malaga,415.7198020531953,0.0,,,,0.5,0.5,False,True
Madrid,Marseille,817.0758749755836,260590.54265834964,0.0,260590.54265834964,0.0009734997738729595,1.0,0.0,True,False
Madrid,Milan,1188.1222639959942,1317282.416456504,0.0,1317282.416456504,0.004921030983954412,1.0,0.0,True,False
Madrid,Munich,1484.4544346340729,941281.5449542672,0.0,941281.5449542672,0.0035163876701586375,1.0,0.0,True,False
Madrid,Murcia,349.4123807921461,0.0,1174095.2932915636,1174095.2932915636,0.004386120428104572,0.0,1.0,False,True
Madrid,Nantes,775.534336275495,0.0,0.0,0.0,0.0,0.5,0.5,False,False
Madrid,Naples,1514.5459033439654,0.0,0.0,0.0,0.0,0.5,0.5,False,False
Madrid,Nice,975.5215900087368,0.0,0.0,0.0,0.0,0.5,0.5,False,False
Madrid,Nuremberg,1532.4851002767655,0.0,0.0,0.0,0.0,0.5,0.5,False,False
Madrid,Palermo,1488.840137236393,160640.69346109327,0.0,160640.69346109327,0.000600112640941841,1.0,0.0,True,False
Madrid,Palma,549.1971741934101,996136.4932120715,0.0,996136.4932120715,0.003721311759805274,1.0,0.0,True,False
Madrid,Paris,1052.4471970840984,1641442.642590251,0.0,1641442.642590251,0.0061320108745544395,1.0,0.0,True,False
Madrid,Porto,421.14682830844947,524110.7491316219,405903.82876349514,930014.577895117,0.003474297156157532,0.5635511115512093,0.4364488884487907,True,True
Madrid,Rome,1365.2788460294728,1138353.5885696604,0.0,1138353.5885696604,0.00425259853928367,1.0,0.0,True,False
Madrid,Rotterdam,1424.0060610010225,0.0,0.0,0.0,0.0,0.5,0.5,False,False
Madrid,Seville,390.34745025931863,381043.1952968252,1106403.3408009799,1487446.536097805,0.0055567207150636535,0.25617270002622144,0.7438272999737785,True,True
Madrid,Strasbourg,1281.5413447509761,222888.19132571845,0.0,222888.19132571845,0.0008326534096021136,1.0,0.0,True,False
Madrid,Stuttgart,1376.8774165031355,202089.55494230517,0.0,202089.55494230517,0.0007549550111507759,1.0,0.0,True,False
Madrid,The Hague,1433.0686175871256,0.0,0.0,0.0,0.0,0.5,0.5,False,False
Madrid,Toulouse,553.3629222072308,344268.95024715405,0.0,344268.95024715405,0.0012861009528518557,1.0,0.0,True,False
Madrid,Turin,1062.9369196318796,153793.9816942799,0.0,153793.9816942799,0.0005745350728199437,1.0,0.0,True,False
Madrid,Utrecht,1462.26366329793,0.0,0.0,0.0,0.0,0.5,0.5,False,False
Madrid,Valencia,302.0162239441777,0.0,1206673.9015932966,1206673.9015932966,0.004507825795810158,0.0,1.0,False,True
Madrid,Venice,1416.7238833963274,359489.2031060887,0.0,359489.2031060887,0.0013429599338621067,1.0,0.0,True,False
Madrid,Vienna,1809.3831879505335,863616.507156984,0.0,863616.507156984,0.003226250906321373,1.0,0.0,True,False
Madrid,Zurich,1247.0036497025942,751302.1855752704,0.0,751302.1855752704,0.002806673259538382,1.0,0.0,True,False
Malaga,Marseille,1108.4138471824954,0.0,0.0,0.0,0.0,0.5,0.5,False,False
Malaga,Milan,1495.0745948029921,0.0,0.0,0.0,0.0,0.5,0.5,False,False
Malaga,Munich,1819.3870106394054,0.0,0.0,0.0,0.0,0.5,0.5,False,False
Malaga,Murcia,323.1214828745096,0.0,0.0,0.0,0.0,0.5,0.5,False,False
Malaga,Nantes,1190.817554092672,0.0,0.0,0.0,0.0,0.5,0.5,False,False
Malaga,Naples,1680.006125005857,0.0,0.0,0.0,0.0,0.5,0.5,False,False
Malaga,Nice,1257.9440595101908,0.0,0.0,0.0,0.0,0.5,0.5,False,False
Malaga,Nuremberg,1886.968679296645,0.0,0.0,0.0,0.0,0.5,0.5,False,False
Malaga,Palermo,1575.7776484334734,0.0,0.0,0.0,0.0,0.5,0.5,False,False
Malaga,Palma,694.466219983831,0.0,0.0,0.0,0.0,0.5,0.5,False,False
Malaga,Paris,1456.4037685600701,0.0,0.0,0.0,0.0,0.5,0.5,False,False
Malaga,Porto,611.2551332165613,0.0,0.0,0.0,0.0,0.5,0.5,False,False
Malaga,Rome,1562.8177753497428,0.0,0.0,0.0,0.0,0.5,0.5,False,False
Malaga,Rotterdam,1829.4440957313589,0.0,0.0,0.0,0.0,0.5,0.5,False,False
Malaga,Seville,156.26457392767028,0.0,,,,0.5,0.5,False,True
Malaga,Strasbourg,1647.998183177412,0.0,0.0,0.0,0.0,0.5,0.5,False,False
Malaga,Stuttgart,1735.699635911198,0.0,0.0,0.0,0.0,0.5,0.5,False,False
Malaga,The Hague,1839.5591119782623,0.0,0.0,0.0,0.0,0.5,0.5,False,False
Malaga,Toulouse,912.8193213433672,0.0,0.0,0.0,0.0,0.5,0.5,False,False
Malaga,Turin,1374.8148968723845,0.0,0.0,0.0,0.0,0.5,0.5,False,False
Malaga,Utrecht,1865.935672296497,0.0,0.0,0.0,0.0,0.5,0.5,False,False
Malaga,Valencia,467.64908181484907,0.0,0.0,0.0,0.0,0.5,0.5,False,False
Malaga,Venice,1700.8209137232777,0.0,0.0,0.0,0.0,0.5,0.5,False,False
Malaga,Vienna,2119.4067159773217,0.0,0.0,0.0,0.0,0.5,0.5,False,False
Malaga,Zurich,1592.187223324419,0.0,0.0,0.0,0.0,0.5,0.5,False,False
Marseille,Milan,386.81471138979396,222657.4351654601,0.0,222657.4351654601,0.0008317913634682068,1.0,0.0,True,False
Marseille,Munich,721.310123803897,147496.36370669672,0.0,147496.36370669672,0.0005510087789479198,1.0,0.0,True,False
Marseille,Murcia,805.9701334360244,0.0,0.0,0.0,0.0,0.5,0.5,False,False
Marseille,Nantes,695.6908107535711,0.0,0.0,0.0,0.0,0.5,0.5,False,False
Marseille,Naples,781.775145586484,0.0,0.0,0.0,0.0,0.5,0.5,False,False
Marseille,Nice,158.60325590689487,0.0,726190.5775214743,726190.5775214743,0.0027128626994444675,0.0,1.0,False,True
Marseille,Nuremberg,811.7015714409629,0.0,0.0,0.0,0.0,0.5,0.5,False,False
Marseille,Palermo,885.0140447489676,24230.223273926404,0.0,24230.223273926404,9.051793145457376e-05,1.0,0.0,True,False
Marseille,Palma,472.8228131880413,140085.03243309655,0.0,140085.03243309655,0.0005233219364196145,1.0,0.0,True,False
Marseille,Paris,660.5002009764091,245058.10782580412,1331695.2349999866,1576753.3428257906,0.0058903481570579475,0.1554194312895011,0.8445805687104989,True,True
Marseille,Porto,1175.1689273027343,59005.87148644114,0.0,59005.87148644114,0.00022043087965988714,1.0,0.0,True,False
Marseille,Rome,603.9966547372062,181570.5849536652,0.0,181570.5849536652,0.0006783013749893294,1.0,0.0,True,False
Marseille,Rotterdam,961.4767815870341,0.0,0.0,0.0,0.0,0.5,0.5,False,False
Marseille,Seville,1163.898623411045,42364.225754810424,0.0,42364.225754810424,0.0001582619375664803,1.0,0.0,True,False
Marseille,Strasbourg,615.5758936347545,35002.234624700955,0.0,35002.234624700955,0.00013075941722439505,1.0,0.0,True,False
Marseille,Stuttgart,676.4524255641564,0.0,0.0,0.0,0.0,0.5,0.5,False,False
Marseille,The Hague,979.5866665243818,0.0,0.0,0.0,0.0,0.5,0.5,False,False
Marseille,Toulouse,319.64310052661205,52210.046030181424,528967.3025785901,581177.3486087716,0.0021711302784786506,0.08983496372520777,0.9101650362747922,True,True
Marseille,Turin,269.5967249133554,0.0,0.0,0.0,0.0,0.5,0.5,False,False
Marseille,Utrecht,978.0249981580948,0.0,0.0,0.0,0.0,0.5,0.5,False,False
Marseille,Valencia,641.3422606936907,0.0,0.0,0.0,0.0,0.5,0.5,False,False
Marseille,Venice,601.3834219715823,57789.49670068599,0.0,57789.49670068599,0.00021588681383617116,1.0,0.0,True,False
Marseille,Vienna,1011.1707304806125,131793.40301726616,0.0,131793.40301726616,0.000492346524652918,1.0,0.0,True,False
Marseille,Zurich,515.7861442898981,121369.17715140447,0.0,121369.17715140447,0.0004534042767121643,1.0,0.0,True,False
Milan,Munich,348.2919932460105,918469.166101728,0.0,918469.166101728,0.0034311664436785685,1.0,0.0,True,False
Milan,Murcia,1191.7673752595633,0.0,0.0,0.0,0.0,0.5,0.5,False,False
Milan,Nantes,846.6531429512596,0.0,0.0,0.0,0.0,0.5,0.5,False,False
Milan,Naples,657.5090208914372,7951.837494216933,499228.30206076434,507180.13955498126,0.0018946955869267815,0.015678526965180795,0.9843214730348192,True,True
Milan,Nice,248.0823326299432,0.0,0.0,0.0,0.0,0.5,0.5,False,False
Milan,Nuremberg,465.77291818541727,0.0,0.0,0.0,0.0,0.5,0.5,False,False
Milan,Palermo,886.9612027280358,131417.57640698724,0.0,131417.57640698724,0.0004909425323345873,1.0,0.0,True,False
Milan,Palma,846.0893212774037,680872.0855013294,0.0,680872.0855013294,0.0025435643769350607,1.0,0.0,True,False
Milan,Paris,639.542522444418,1337810.1573928655,0.0,1337810.1573928655,0.00499771738613851,1.0,0.0,True,False
Milan,Porto,1514.404012653367,305167.31935665914,0.0,305167.31935665914,0.0011400272371995311,1.0,0.0,True,False
Milan,Rome,478.5981536825773,1029529.3223952084,856136.4630129138,1885665.7854081222,0.007044366219005476,0.5459765618923733,0.4540234381076267,True,True
Milan,Rotterdam,796.601252878005,40345.3082987881,0.0,40345.3082987881,0.00015071977710717812,1.0,0.0,True,False
Milan,Seville,1546.8886206312793,217824.60333824094,0.0,217824.60333824094,0.0008137371369296323,1.0,0.0,True,False
Milan,Strasbourg,363.72916748313276,209794.87762323895,0.0,209794.87762323895,0.0007837401305606606,1.0,0.0,True,False
Milan,Stuttgart,368.95153502915605,192298.17366105583,0.0,192298.17366105583,0.0007183769090985572,1.0,0.0,True,False
Milan,The Hague,817.5244320343432,0.0,0.0,0.0,0.0,0.5,0.5,False,False
Milan,Toulouse,647.5424867623703,247876.4323092753,0.0,247876.4323092753,0.0009260031018005313,1.0,0.0,True,False
Milan,Turin,125.48353933254407,170886.89360878404,1895429.331938499,2066316.225547283,0.00771923016775626,0.0827012300905313,0.9172987699094687,True,True
Milan,Utrecht,794.5120933386872,0.0,0.0,0.0,0.0,0.5,0.5,False,False
Milan,Valencia,1028.153858436649,0.0,0.0,0.0,0.0,0.5,0.5,False,False
Milan,Venice,245.18599509512467,371561.54111936095,1194547.7069514634,1566109.2480708244,0.00585058453505027,0.23725135495947072,0.7627486450405293,True,True
Milan,Vienna,625.4244130232989,783136.2659847185,0.0,783136.2659847185,0.0029255972610156026,1.0,0.0,True,False
Milan,Zurich,217.1416510404874,775631.5479176391,638905.0014960488,1414536.549413688,0.005284347608864152,0.5483290963666729,0.45167090363332707,True,True
Munich,Murcia,1525.5151716900036,0.0,0.0,0.0,0.0,0.5,0.5,False,False
Munich,Nantes,987.02307589025,0.0,0.0,0.0,0.0,0.5,0.5,False,False
Munich,Naples,837.6194137760459,0.0,0.0,0.0,0.0,0.5,0.5,False,False
Munich,Nice,594.9630913332446,0.0,0.0,0.0,0.0,0.5,0.5,False,False
Munich,Nuremberg,150.89331097887444,0.0,1077406.5430309358,1077406.5430309358,0.004024915928683479,0.0,1.0,False,True
Munich,Palermo,1123.587646398849,93661.22164831427,0.0,93661.22164831427,0.0003498944250438153,1.0,0.0,True,False
Munich,Palma,1189.855766818452,475761.0106478645,0.0,475761.0106478645,0.0017773217383813093,1.0,0.0,True,False
Munich,Paris,684.0984068962148,984452.7466875294,0.0,984452.7466875294,0.0036776642640688577,1.0,0.0,True,False
Munich,Porto,1768.903398828656,220856.50552521055,0.0,220856.50552521055,0.0008250635498658436,1.0,0.0,True,False
Munich,Rome,698.3378073799264,714385.2096792305,0.0,714385.2096792305,0.0026687608574985804,1.0,0.0,True,False
Munich,Rotterdam,658.3265386319694,0.0,0.0,0.0,0.0,0.5,0.5,False,False
Munich,Seville,1858.4011143889377,156807.9231918951,0.0,156807.9231918951,0.0005857943892036601,1.0,0.0,True,False
Munich,Strasbourg,287.25620490868647,163500.0534769157,0.0,163500.0534769157,0.0006107944803533118,1.0,0.0,True,False
Munich,Stuttgart,190.83262681742673,162355.25173846874,881603.7253903274,1043958.9771287962,0.0038999643571100483,0.1555188041823204,0.8444811958176797,True,True
Munich,The Hague,678.5300821498781,0.0,0.0,0.0,0.0,0.5,0.5,False,False
Munich,Toulouse,931.2593199262782,172472.2247772756,0.0,172472.2247772756,0.0006443122229503683,1.0,0.0,True,False
Munich,Turin,452.1550500785497,99939.9577218514,0.0,99939.9577218514,0.00037335018090296047,1.0,0.0,True,False
Munich,Utrecht,635.9304577772267,0.0,0.0,0.0,0.0,0.5,0.5,False,False
Munich,Valencia,1356.5518817529687,0.0,0.0,0.0,0.0,0.5,0.5,False,False
Munich,Venice,305.7390024247576,265602.58090297575,284395.02508852247,549997.6059914982,0.0020546507160291104,0.48291588546856584,0.5170841145314342,True,True
Munich,Vienna,355.7169839051784,649421.3331722447,342993.11574960157,992414.4489218462,0.0037074071520711784,0.6543852055739138,0.3456147944260862,True,True
Munich,Zurich,241.86001578730415,566411.5010028412,0.0,566411.5010028412,0.0021159688395454585,1.0,0.0,True,False
Murcia,Nantes,1026.9326962205837,0.0,0.0,0.0,0.0,0.5,0.5,False,False
Murcia,Naples,1358.553543544004,0.0,0.0,0.0,0.0,0.5,0.5,False,False
Murcia,Nice,949.2413534444672,0.0,0.0,0.0,0.0,0.5,0.5,False,False
Murcia,Nuremberg,1604.5196425422293,0.0,0.0,0.0,0.0,0.5,0.5,False,False
Murcia,Palermo,1267.8662370757327,0.0,0.0,0.0,0.0,0.5,0.5,False,False
Murcia,Palma,371.89473016226094,0.0,0.0,0.0,0.0,0.5,0.5,False,False
Murcia,Paris,1240.1651353397065,0.0,0.0,0.0,0.0,0.5,0.5,False,False
Murcia,Porto,730.9011493264172,0.0,0.0,0.0,0.0,0.5,0.5,False,False
Murcia,Rome,1239.6964605338792,0.0,0.0,0.0,0.0,0.5,0.5,False,False
Murcia,Rotterdam,1609.9706569832067,0.0,0.0,0.0,0.0,0.5,0.5,False,False
Murcia,Seville,431.39618659258434,0.0,0.0,0.0,0.0,0.5,0.5,False,False
Murcia,Strasbourg,1377.92787711029,0.0,0.0,0.0,0.0,0.5,0.5,False,False
Murcia,Stuttgart,1458.162163557824,0.0,0.0,0.0,0.0,0.5,0.5,False,False
Murcia,The Hague,1622.5794772090767,0.0,0.0,0.0,0.0,0.5,0.5,False,False
Murcia,Toulouse,661.0195774772449,0.0,0.0,0.0,0.0,0.5,0.5,False,False
Murcia,Turin,1075.306426487894,0.0,0.0,0.0,0.0,0.5,0.5,False,False
Murcia,Utrecht,1641.8841137304075,0.0,0.0,0.0,0.0,0.5,0.5,False,False
Murcia,Valencia,177.68176432164714,0.0,666065.9034979048,666065.9034979048,0.002488252258984744,0.0,1.0,False,True
Murcia,Venice,1388.0029031134434,0.0,0.0,0.0,0.0,0.5,0.5,False,False
Murcia,Vienna,1812.2871811511272,0.0,0.0,0.0,0.0,0.5,0.5,False,False
Murcia,Zurich,1307.0327206239865,0.0,0.0,0.0,0.0,0.5,0.5,False,False
Nantes,Naples,1445.4726882418163,0.0,0.0,0.0,0.0,0.5,0.5,False,False
Nantes,Nice,790.4075878992171,0.0,0.0,0.0,0.0,0.5,0.5,False,False
Nantes,Nuremberg,964.9249636603936,0.0,0.0,0.0,0.0,0.5,0.5,False,False
Nantes,Palermo,1580.0587268196095,0.0,0.0,0.0,0.0,0.5,0.5,False,False
Nantes,Palma,915.3652619101663,0.0,0.0,0.0,0.0,0.5,0.5,False,False
Nantes,Paris,342.3947086295521,0.0,1674885.027063421,1674885.027063421,0.006256943089631356,0.0,1.0,False,True
Nantes,Porto,877.928253066103,0.0,0.0,0.0,0.0,0.5,0.5,False,False
Nantes,Rome,1259.3683314404273,0.0,0.0,0.0,0.0,0.5,0.5,False,False
Nantes,Rotterdam,679.950069412376,0.0,0.0,0.0,0.0,0.5,0.5,False,False
Nantes,Seville,1151.8655244462743,0.0,0.0,0.0,0.0,0.5,0.5,False,False
Nantes,Strasbourg,709.183428341393,0.0,361285.94930543326,361285.94930543326,0.0013496721191967153,0.0,1.0,False,True
Nantes,Stuttgart,816.3880520344727,0.0,0.0,0.0,0.0,0.5,0.5,False,False
Nantes,The Hague,684.7277689430622,0.0,0.0,0.0,0.0,0.5,0.5,False,False
Nantes,Toulouse,464.8146239583397,0.0,0.0,0.0,0.0,0.5,0.5,False,False
Nantes,Turin,750.284223951581,0.0,0.0,0.0,0.0,0.5,0.5,False,False
Nantes,Utrecht,723.7003305090326,0.0,0.0,0.0,0.0,0.5,0.5,False,False
Nantes,Valencia,866.2060967310557,0.0,0.0,0.0,0.0,0.5,0.5,False,False
Nantes,Venice,1082.920975703929,0.0,0.0,0.0,0.0,0.5,0.5,False,False
Nantes,Vienna,1342.579376968412,0.0,0.0,0.0,0.0,0.5,0.5,False,False
Nantes,Zurich,761.6357032791069,0.0,0.0,0.0,0.0,0.5,0.5,False,False
Naples,Nice,657.2163513159053,0.0,0.0,0.0,0.0,0.5,0.5,False,False
Naples,Nuremberg,988.4404699164962,0.0,0.0,0.0,0.0,0.5,0.5,False,False
Naples,Palermo,313.92329608338474,0.0,573635.0024737362,573635.0024737362,0.002142953997858386,0.0,1.0,False,True
Naples,Palma,996.0468897995294,0.0,0.0,0.0,0.0,0.5,0.5,False,False
Naples,Paris,1291.1580347981987,8523.465624494682,0.0,8523.465624494682,3.184149268585765e-05,1.0,0.0,True,False
Naples,Porto,1914.7405898107763,0.0,0.0,0.0,0.0,0.5,0.5,False,False
Naples,Rome,186.69299589166855,0.0,1265897.1651460447,1265897.1651460447,0.004729068796758994,0.0,1.0,False,True
Naples,Rotterdam,1438.9956548959292,0.0,0.0,0.0,0.0,0.5,0.5,False,False
Naples,Seville,1784.0064121324742,0.0,0.0,0.0,0.0,0.5,0.5,False,False
Naples,Strasbourg,1001.5038823499663,0.0,0.0,0.0,0.0,0.5,0.5,False,False
Naples,Stuttgart,968.3722068963264,0.0,0.0,0.0,0.0,0.5,0.5,False,False
Naples,The Hague,1460.128838543648,0.0,0.0,0.0,0.0,0.5,0.5,False,False
Naples,Toulouse,1098.0776493881,0.0,0.0,0.0,0.0,0.5,0.5,False,False
Naples,Turin,711.4846643449588,0.0,0.0,0.0,0.0,0.5,0.5,False,False
Naples,Utrecht,1430.0042548818794,0.0,0.0,0.0,0.0,0.5,0.5,False,False
Naples,Valencia,1252.617939531084,0.0,0.0,0.0,0.0,0.5,0.5,False,False
Naples,Venice,533.4136907261795,0.0,0.0,0.0,0.0,0.5,0.5,False,False
Naples,Vienna,834.7253009458644,0.0,0.0,0.0,0.0,0.5,0.5,False,False
Naples,Zurich,855.6894876638847,0.0,0.0,0.0,0.0,0.5,0.5,False,False
Nice,Nuremberg,702.4842779186774,0.0,0.0,0.0,0.0,0.5,0.5,False,False
Nice,Palermo,804.7698454199718,0.0,0.0,0.0,0.0,0.5,0.5,False,False
Nice,Palma,598.4778447115312,0.0,0.0,0.0,0.0,0.5,0.5,False,False
Nice,Paris,685.8025708752173,0.0,1114542.2570974026,1114542.2570974026,0.004163645480713743,0.0,1.0,False,True
Nice,Porto,1331.5366020583742,0.0,0.0,0.0,0.0,0.5,0.5,False,False
Nice,Rome,472.861446856759,0.0,0.0,0.0,0.0,0.5,0.5,False,False
Nice,Rotterdam,937.1590489182393,0.0,0.0,0.0,0.0,0.5,0.5,False,False
Nice,Seville,1318.7080602715387,0.0,0.0,0.0,0.0,0.5,0.5,False,False
Nice,Strasbourg,543.9714056772115,0.0,0.0,0.0,0.0,0.5,0.5,False,False
Nice,Stuttgart,583.533603562185,0.0,0.0,0.0,0.0,0.5,0.5,False,False
Nice,The Hague,956.8079600620381,0.0,0.0,0.0,0.0,0.5,0.5,False,False
Nice,Toulouse,468.45921533107094,0.0,0.0,0.0,0.0,0.5,0.5,False,False
Nice,Turin,155.6753594343862,0.0,0.0,0.0,0.0,0.5,0.5,False,False
Nice,Utrecht,946.1517621352924,0.0,0.0,0.0,0.0,0.5,0.5,False,False
Nice,Valencia,790.3139761993564,0.0,0.0,0.0,0.0,0.5,0.5,False,False
Nice,Venice,445.1456270339732,0.0,0.0,0.0,0.0,0.5,0.5,False,False
Nice,Vienna,863.0644278356867,0.0,0.0,0.0,0.0,0.5,0.5,False,False
Nice,Zurich,419.4453433837173,0.0,0.0,0.0,0.0,0.5,0.5,False,False
Nuremberg,Palermo,1273.80859460258,0.0,0.0,0.0,0.0,0.5,0.5,False,False
Nuremberg,Palma,1284.493144567859,0.0,0.0,0.0,0.0,0.5,0.5,False,False
Nuremberg,Paris,637.936714169072,0.0,0.0,0.0,0.0,0.5,0.5,False,False
Nuremberg,Porto,1787.5843262477204,0.0,0.0,0.0,0.0,0.5,0.5,False,False
Nuremberg,Rome,848.1903781127633,0.0,0.0,0.0,0.0,0.5,0.5,False,False
Nuremberg,Rotterdam,539.5081049996779,0.0,0.0,0.0,0.0,0.5,0.5,False,False
Nuremberg,Seville,1914.5840204603323,0.0,0.0,0.0,0.0,0.5,0.5,False,False
Nuremberg,Strasbourg,261.51006005335506,0.0,0.0,0.0,0.0,0.5,0.5,False,False
Nuremberg,Stuttgart,157.19424116253253,0.0,664626.9738831747,664626.9738831747,0.002482876785108106,0.0,1.0,False,True
Nuremberg,The Hague,558.5330988996521,0.0,0.0,0.0,0.0,0.5,0.5,False,False
Nuremberg,Toulouse,981.6144746776107,0.0,0.0,0.0,0.0,0.5,0.5,False,False
Nuremberg,Turin,550.3805245904896,0.0,0.0,0.0,0.0,0.5,0.5,False,False
Nuremberg,Utrecht,510.94184914056643,0.0,171485.27063152814,171485.27063152814,0.0006406252140976803,0.0,1.0,False,True
Nuremberg,Valencia,1431.3489713399717,0.0,0.0,0.0,0.0,0.5,0.5,False,False
Nuremberg,Venice,456.5236794097191,0.0,0.0,0.0,0.0,0.5,0.5,False,False
Nuremberg,Vienna,411.44848875185255,0.0,322827.6227784849,322827.6227784849,0.0012060016244980578,0.0,1.0,False,True
Nuremberg,Zurich,297.76352701012354,0.0,0.0,0.0,0.0,0.5,0.5,False,False
Palermo,Palma,941.2033155209534,0.0,0.0,0.0,0.0,0.5,0.5,False,False
Palermo,Paris,1485.035253520898,145177.82954889094,0.0,145177.82954889094,0.0005423473269423501,1.0,0.0,True,False
Palermo,Porto,1906.4749984697057,0.0,0.0,0.0,0.0,0.5,0.5,False,False
Palermo,Rome,426.0206618361607,133939.9234530184,0.0,133939.9234530184,0.0005003653772847195,1.0,0.0,True,False
Palermo,Rotterdam,1683.551510479149,0.0,0.0,0.0,0.0,0.5,0.5,False,False
Palermo,Seville,1698.991898213607,0.0,0.0,0.0,0.0,0.5,0.5,False,False
Palermo,Strasbourg,1248.54253992266,21144.14714482913,0.0,21144.14714482913,7.898913849384936e-05,1.0,0.0,True,False
Palermo,Stuttgart,1232.6836595892123,0.0,0.0,0.0,0.0,0.5,0.5,False,False
Palermo,The Hague,1704.4830196600394,0.0,0.0,0.0,0.0,0.5,0.5,False,False
Palermo,Toulouse,1171.8235316707548,0.0,0.0,0.0,0.0,0.5,0.5,False,False
Palermo,Turin,905.4022408900062,14965.013421755482,0.0,14965.013421755482,5.5905471601035385e-05,1.0,0.0,True,False
Palermo,Utrecht,1680.515049407715,0.0,0.0,0.0,0.0,0.5,0.5,False,False
Palermo,Valencia,1199.3761292179724,0.0,0.0,0.0,0.0,0.5,0.5,False,False
Palermo,Venice,818.4619888896585,37646.0184314428,0.0,37646.0184314428,0.000140635918926172,1.0,0.0,True,False
Palermo,Vienna,1148.1427981673994,88847.59713413645,0.0,88847.59713413645,0.00033191195212573573,1.0,0.0,True,False
Palermo,Zurich,1100.556126024365,72616.8609099154,0.0,72616.8609099154,0.0002712780631024244,1.0,0.0,True,False
Palma,Paris,1032.6130976990175,798519.1908484052,0.0,798519.1908484052,0.00298306394312746,1.0,0.0,True,False
Palma,Porto,969.4643202303381,216983.72186980746,0.0,216983.72186980746,0.0008105958183268033,1.0,0.0,True,False
Palma,Rome,869.529812920232,600947.1825694072,0.0,600947.1825694072,0.0022449853335925166,1.0,0.0,True,False
Palma,Rotterdam,1380.7968647833397,23760.416122522918,0.0,23760.416122522918,8.876285181511496e-05,1.0,0.0,True,False
Palma,Seville,788.6812149147402,161693.8741296323,0.0,161693.8741296323,0.00060404705518501,1.0,0.0,True,False
Palma,Strasbourg,1081.2312000962324,111569.64782884918,0.0,111569.64782884918,0.0004167957356567188,1.0,0.0,True,False
Palma,Stuttgart,1148.0435103508355,101384.5753046943,0.0,101384.5753046943,0.0003787469035770993,1.0,0.0,True,False
Palma,The Hague,1396.5019636119196,0.0,0.0,0.0,0.0,0.5,0.5,False,False
Palma,Toulouse,459.7268874053597,172831.72188486115,0.0,172831.72188486115,0.0006456552124133487,1.0,0.0,True,False
Palma,Turin,738.3316847640401,0.0,0.0,0.0,0.0,0.5,0.5,False,False
Palma,Utrecht,1405.213280865549,0.0,0.0,0.0,0.0,0.5,0.5,False,False
Palma,Valencia,260.0910879005431,0.0,0.0,0.0,0.0,0.5,0.5,False,False
Palma,Venice,1026.2076431300036,185213.9506989599,0.0,185213.9506989599,0.0006919120597555489,1.0,0.0,True,False
Palma,Vienna,1456.200551338235,436170.9355352941,0.0,436170.9355352941,0.0016294233197490175,1.0,0.0,True,False
Palma,Zurich,988.4411544681401,380539.9783893146,0.0,380539.9783893146,0.0014216002589062064,1.0,0.0,True,False
Paris,Porto,1212.8297490327047,387584.3597846421,0.0,387584.3597846421,0.0014479162703219279,1.0,0.0,True,False
Paris,Rome,1106.9638024259823,1069895.653228021,0.0,1069895.653228021,0.0039968571608934725,1.0,0.0,True,False
Paris,Rotterdam,373.154272491281,0.0,0.0,0.0,0.0,0.5,0.5,False,False
Paris,Seville,1441.233619036555,268846.5199184287,0.0,268846.5199184287,0.0010043419982829393,1.0,0.0,True,False
Paris,Strasbourg,396.9610471483523,251303.47099207566,1766784.7026960568,2018088.1736881325,0.007539062472105192,0.12452551591579324,0.8754744840842068,True,True
Paris,Stuttgart,499.83534645829434,221115.62006986688,0.0,221115.62006986688,0.0008260315356878035,1.0,0.0,True,False
Paris,The Hague,384.0263363258866,0.0,0.0,0.0,0.0,0.5,0.5,False,False
Paris,Toulouse,587.8044524992531,307448.3765890141,931540.3492752982,1238988.7258643121,0.004628545733685349,0.24814461194918436,0.7518553880508156,True,True
Paris,Turin,583.706744232933,155601.3190561081,546447.3335820117,702048.6526381199,0.0026226746282464416,0.22163893979626342,0.7783610602037365,True,True
Paris,Utrecht,409.9431344960271,0.0,0.0,0.0,0.0,0.5,0.5,False,False
Paris,Valencia,1065.226179824077,0.0,0.0,0.0,0.0,0.5,0.5,False,False
Paris,Venice,844.3272674209836,358127.38316802314,0.0,358127.38316802314,0.0013378725220618227,1.0,0.0,True,False
Paris,Vienna,1033.618043469879,867265.9935325953,0.0,867265.9935325953,0.003239884456200687,1.0,0.0,True,False
Paris,Zurich,489.0145104526957,810119.8944430645,628244.6032639011,1438364.4977069655,0.005373362743637382,0.5632229492138843,0.43677705078611573,True,True
Porto,Rome,1756.017065206795,263265.2542756147,0.0,263265.2542756147,0.0009834918139831666,1.0,0.0,True,False
Porto,Rotterdam,1556.4915135852834,0.0,0.0,0.0,0.0,0.5,0.5,False,False
Porto,Seville,476.2751825573066,89006.63123744799,0.0,89006.63123744799,0.00033250606295582387,1.0,0.0,True,False
Porto,Strasbourg,1526.5438237017856,52300.77073549608,0.0,52300.77073549608,0.00019538233415914628,1.0,0.0,True,False
Porto,Stuttgart,1630.813824899072,47471.356802901944,0.0,47471.356802901944,0.00017734087600276496,1.0,0.0,True,False
Porto,The Hague,1560.095579166623,0.0,0.0,0.0,0.0,0.5,0.5,False,False
Porto,Toulouse,869.2250749338407,76664.23016105442,0.0,76664.23016105442,0.0002863980018790589,1.0,0.0,True,False
Porto,Turin,1390.163827751197,0.0,0.0,0.0,0.0,0.5,0.5,False,False
Porto,Utrecht,1600.9747637753314,0.0,0.0,0.0,0.0,0.5,0.5,False,False
Porto,Valencia,722.0327275000454,0.0,0.0,0.0,0.0,0.5,0.5,False,False
Porto,Venice,1755.1610341636413,83729.94893740135,0.0,83729.94893740135,0.0003127937243057234,1.0,0.0,True,False
Porto,Vienna,2113.769727675028,203394.9815504959,0.0,203394.9815504959,0.0007598317518602328,1.0,0.0,True,False
Porto,Zurich,1527.0921243103674,175372.655460149,0.0,175372.655460149,0.0006551474918941585,1.0,0.0,True,False
Rome,Rotterdam,1269.555503530281,32773.422289750924,0.0,32773.422289750924,0.0001224331430551755,1.0,0.0,True,False
Rome,Seville,1656.4856306745571,190765.27903787693,0.0,190765.27903787693,0.0007126504059269045,1.0,0.0,True,False
Rome,Strasbourg,832.0298600507729,159160.6758777599,0.0,159160.6758777599,0.0005945836728986991,1.0,0.0,True,False
Rome,Stuttgart,809.0766794255891,147056.8412084679,0.0,147056.8412084679,0.0005493668350451482,1.0,0.0,True,False
Rome,The Hague,1290.6388722388308,0.0,0.0,0.0,0.0,0.5,0.5,False,False
Rome,Toulouse,922.8223922841569,205659.8480657613,0.0,205659.8480657613,0.0007682927152473576,1.0,0.0,True,False
Rome,Turin,525.5985972435622,115626.51181570365,532935.6480522833,648562.159867987,0.0024228627391202585,0.17828131052116747,0.8217186894788325,True,True
Rome,Utrecht,1263.4364142289248,0.0,0.0,0.0,0.0,0.5,0.5,False,False
Rome,Valencia,1118.5569432546001,0.0,0.0,0.0,0.0,0.5,0.5,False,False
Rome,Venice,394.46986425782615,301288.5064789174,912792.88040434,1214081.3868832574,0.004535498270724947,0.24816170458915734,0.7518382954108427,True,True
Rome,Vienna,764.7989188236836,668845.9985904589,0.0,668845.9985904589,0.002498637984868492,1.0,0.0,True,False
Rome,Zurich,684.5045299567624,553799.1883463459,0.0,553799.1883463459,0.0020688524576773317,1.0,0.0,True,False
Rotterdam,Seville,1811.6380747047097,0.0,0.0,0.0,0.0,0.5,0.5,False,False
Rotterdam,Strasbourg,437.7840403279544,0.0,0.0,0.0,0.0,0.5,0.5,False,False
Rotterdam,Stuttgart,482.5250378784966,0.0,0.0,0.0,0.0,0.5,0.5,False,False
Rotterdam,The Hague,21.13463282340582,0.0,2157360.760135632,2157360.760135632,0.008059349317630124,0.0,1.0,False,True
Rotterdam,Toulouse,952.1430208951805,0.0,0.0,0.0,0.0,0.5,0.5,False,False
Rotterdam,Turin,797.5204660843525,0.0,0.0,0.0,0.0,0.5,0.5,False,False
Rotterdam,Utrecht,47.82988969556735,0.0,2248753.8449733146,2248753.8449733146,0.008400770562297788,0.0,1.0,False,True
Rotterdam,Valencia,1433.9046955574167,0.0,0.0,0.0,0.0,0.5,0.5,False,False
Rotterdam,Venice,922.2095751824519,0.0,0.0,0.0,0.0,0.5,0.5,False,False
Rotterdam,Vienna,942.4973355558939,27744.19772496429,0.0,27744.19772496429,0.00010364524336153615,1.0,0.0,True,False
Rotterdam,Zurich,585.051908952691,24618.28804533692,0.0,24618.28804533692,9.19676424201459e-05,1.0,0.0,True,False
Seville,Strasbourg,1667.1863189319715,0.0,0.0,0.0,0.0,0.5,0.5,False,False
Seville,Stuttgart,1760.2102317614597,0.0,0.0,0.0,0.0,0.5,0.5,False,False
Seville,The Hague,1820.1178082805052,0.0,0.0,0.0,0.0,0.5,0.5,False,False
Seville,Toulouse,932.9864584856906,54211.31965210853,0.0,54211.31965210853,0.00020251965740703527,1.0,0.0,True,False
Seville,Turin,1423.5972116400408,25295.556044132885,0.0,25295.556044132885,9.449774284878529e-05,1.0,0.0,True,False
Seville,Utrecht,1850.6420742641017,0.0,0.0,0.0,0.0,0.5,0.5,False,False
Seville,Valencia,539.7411929638796,0.0,566984.9370559133,566984.9370559133,0.0021181110503191176,0.0,1.0,False,True
Seville,Venice,1763.8500974697097,59949.77389470819,0.0,59949.77389470819,0.00022395705820663062,1.0,0.0,True,False
Seville,Vienna,2172.139747609716,145015.66529299304,0.0,145015.66529299304,0.0005417415226609037,1.0,0.0,True,False
Seville,Zurich,1624.694768292734,124218.07083783777,0.0,124218.07083783777,0.00046404701658767474,1.0,0.0,True,False
Strasbourg,Stuttgart,107.37946614286325,41686.669038152875,414339.35267106054,456026.0217092134,0.001703596855378359,0.09141291736359407,0.908587082636406,True,True
Strasbourg,The Hague,458.9005883255401,0.0,0.0,0.0,0.0,0.5,0.5,False,False
Strasbourg,Toulouse,736.196093182487,41526.038765979596,0.0,41526.038765979596,0.00015513068485191093,1.0,0.0,True,False
Strasbourg,Turin,390.7010887861226,0.0,0.0,0.0,0.0,0.5,0.5,False,False
Strasbourg,Utrecht,432.04549812993093,0.0,0.0,0.0,0.0,0.5,0.5,False,False
Strasbourg,Valencia,1201.8254462329176,0.0,0.0,0.0,0.0,0.5,0.5,False,False
Strasbourg,Venice,493.17956002529866,55878.72111236048,0.0,55878.72111236048,0.00020874864380060078,1.0,0.0,True,False
Strasbourg,Vienna,637.9297795910749,133917.37854125098,0.0,133917.37854125098,0.0005002811552470213,1.0,0.0,True,False
Strasbourg,Zurich,148.00555599456848,143142.6677351625,339039.8376374005,482182.505372563,0.00180131080413423,0.2968640839106386,0.7031359160893613,True,True
Stuttgart,The Hague,503.36558065457984,0.0,0.0,0.0,0.0,0.5,0.5,False,False
Stuttgart,Toulouse,827.3654966588156,0.0,0.0,0.0,0.0,0.5,0.5,False,False
Stuttgart,Turin,427.9456996129133,0.0,0.0,0.0,0.0,0.5,0.5,False,False
Stuttgart,Utrecht,466.5494649011779,0.0,0.0,0.0,0.0,0.5,0.5,False,False
Stuttgart,Valencia,1283.5764615231872,0.0,0.0,0.0,0.0,0.5,0.5,False,False
Stuttgart,Venice,441.94164759958943,52433.541515506266,0.0,52433.541515506266,0.00019587833191485267,1.0,0.0,True,False
Stuttgart,Vienna,533.801030937972,127299.78168691744,0.0,127299.78168691744,0.00047555950197611857,1.0,0.0,True,False
Stuttgart,Zurich,164.16011910794188,129006.16755239209,0.0,129006.16755239209,0.00048193412416015335,1.0,0.0,True,False
The Hague,Toulouse,965.6818319266,0.0,0.0,0.0,0.0,0.5,0.5,False,False
The Hague,Turin,817.7261655599965,0.0,0.0,0.0,0.0,0.5,0.5,False,False
The Hague,Utrecht,56.2992211800938,0.0,0.0,0.0,0.0,0.5,0.5,False,False
The Hague,Valencia,1446.7911470952356,0.0,0.0,0.0,0.0,0.5,0.5,False,False
The Hague,Venice,943.233392139897,0.0,0.0,0.0,0.0,0.5,0.5,False,False
The Hague,Vienna,960.2930942029536,0.0,0.0,0.0,0.0,0.5,0.5,False,False
The Hague,Zurich,606.1343429675162,0.0,0.0,0.0,0.0,0.5,0.5,False,False
Toulouse,Turin,522.4407456398819,0.0,0.0,0.0,0.0,0.5,0.5,False,False
Toulouse,Utrecht,982.4445743760351,0.0,0.0,0.0,0.0,0.5,0.5,False,False
Toulouse,Valencia,483.66098532461785,0.0,0.0,0.0,0.0,0.5,0.5,False,False
Toulouse,Venice,886.265026746697,65904.83188088068,0.0,65904.83188088068,0.00024620363532259235,1.0,0.0,True,False
Toulouse,Vienna,1260.6959201966,0.0,0.0,0.0,0.0,0.5,0.5,False,False
Toulouse,Zurich,693.7443789393141,0.0,0.0,0.0,0.0,0.5,0.5,False,False
Turin,Utrecht,802.9630619404845,0.0,0.0,0.0,0.0,0.5,0.5,False,False
Turin,Valencia,908.9711394351732,0.0,0.0,0.0,0.0,0.5,0.5,False,False
Turin,Venice,365.8900697628706,39378.51881245149,0.0,39378.51881245149,0.00014710809827674039,1.0,0.0,True,False
Turin,Vienna,748.6630548439589,0.0,0.0,0.0,0.0,0.5,0.5,False,False
Turin,Zurich,263.8141165729311,0.0,0.0,0.0,0.0,0.5,0.5,False,False
Utrecht,Valencia,1465.3033298806647,0.0,0.0,0.0,0.0,0.5,0.5,False,False
Utrecht,Venice,908.2644263860825,0.0,0.0,0.0,0.0,0.5,0.5,False,False
Utrecht,Vienna,909.0448429968864,0.0,0.0,0.0,0.0,0.5,0.5,False,False
Utrecht,Zurich,580.0489565844451,0.0,0.0,0.0,0.0,0.5,0.5,False,False
Valencia,Venice,1233.637283392137,0.0,0.0,0.0,0.0,0.5,0.5,False,False
Valencia,Vienna,1651.9493454530586,0.0,0.0,0.0,0.0,0.5,0.5,False,False
Valencia,Zurich,1134.3881157577398,0.0,0.0,0.0,0.0,0.5,0.5,False,False
Venice,Vienna,435.1108182416262,236649.90427228386,0.0,236649.90427228386,0.000884063657667602,1.0,0.0,True,False
Venice,Zurich,360.7126748087731,198804.05102381198,0.0,198804.05102381198,0.0007426812068557935,1.0,0.0,True,False
Vienna,Zurich,591.5651003828544,455532.0045243923,241955.2727359892,697487.2772603815,0.002605634493737033,0.6531043925469855,0.3468956074530145,True,True
